book_id,chap_id,0,1,2,3,4,5,6,7,8,9
0,1,0.0022968331191849703,-0.004976642996543222,-0.005435822866965298,-0.012289899659544459,-0.010287472775992523,0.004841309670474205,0.020898995098191625,0.0012639242061488788,0.006464566635522435,0.01482157895977198
0,2,0.0024023872443097623,0.004999050712737493,0.036732091016007246,-0.00522408993939528,-0.008366425164518163,0.028397668765307128,0.03470890023138921,0.01773087801427476,-0.006740005071307618,0.01116455821111875
0,3,-0.002268234826950918,-0.02746326275214779,0.023435687238992645,-0.04571562028279096,-0.002729239153530047,0.006993202193540501,0.015344289916107172,-0.01069735759008693,0.005164492760623173,0.01875801889894776
0,4,0.0023597753337770986,-0.05145222585381387,0.008684798484117757,-0.020703784560618832,-0.007283959160353045,0.013751527930733504,0.02213382989017603,0.009038968611601871,0.006683319063527838,0.009075392290918215
0,5,0.007786791354032599,-0.016410360863574353,-0.008831834350755383,-0.06823346007951757,0.0060992481995862284,-0.004459252913681052,0.029278553791093714,-0.00657854570117727,0.003184660122525582,0.00996139822512554
0,6,0.03640376828014431,-0.021505479093815803,-0.00972371204048747,-0.06258158361239274,-0.00040337774945530794,0.017625551216469512,-0.0044814284811285415,0.06263661712632801,0.03130532232911844,-0.027794377861868128
0,7,0.002056972833464942,-0.003476002924608265,-0.018866331576303054,-0.056186183929288834,-0.005746886454394462,-0.012032965549858256,-0.010980776699855841,0.015338712393494342,0.06910499935189622,-0.04626534292435754
0,8,0.030492569337377786,-0.0004354977694238873,-0.021000624566525385,-0.013227943463364067,-0.012940365179032826,0.0046075233448804355,-0.008759843727010233,0.007939403891792004,0.052390053313860714,-0.0334700736399948
0,9,-0.00134109280469726,-0.09991531196751216,-0.09418433661455008,-0.024630664627333692,-0.060311496567335816,0.05169995595813324,0.04000145446922279,0.0572423818294795,-0.018193370448245143,0.01812657811049285
0,10,-0.00478588506485182,-0.10016608851158139,0.014118444611584582,0.0065841010707645194,-0.021092530408219227,0.020936708188416288,0.017852678428046494,0.0005198723285069116,0.0009553831520645352,-0.005005786225497402
0,11,0.09681745655275414,-0.03516662458384486,-0.058903892092388346,-0.021929885104818823,0.024222099891082455,0.0266755386198139,0.013660248999937962,-0.001415124362369075,0.016498350277881584,0.0037795553403680805
0,12,0.009807504299345215,-0.011248738313222836,-0.02863588958134887,-0.02465797027489741,0.0011676416392591607,0.027221812418977576,0.015922951257059927,0.03144778101502538,0.008875328561385063,0.0009890708445817811
0,13,-0.0026070366666969148,-0.11448379189165225,0.007522480359587321,-0.027033382619557494,-0.014038124640193727,0.015471252514974328,0.018289732396531286,0.03146069210504235,0.029946888045594634,-0.0035227814586847083
0,14,0.002810834363917662,-0.01584376078601624,-0.07656399061926737,0.02295863492104922,0.06019271183482685,0.006208289822920877,0.01537996938933898,0.009303454122628577,-0.006210011179368517,0.02260870240461538
0,15,0.009693518216755357,-0.0374117653875965,-0.06232295466297133,-0.01787271130368072,-0.04161186097345382,0.0283635754690933,0.013269250599358854,0.022327503338811585,-0.0128304636446814,0.0376614034036831
0,16,0.0005892759470854959,-0.02100054914052077,-0.0028143150909486912,-0.053897359882144,-0.012495743354896473,0.012000622340671617,0.0046665923847000355,0.00934034904716073,0.027485703299961275,0.03683698826154395
0,17,-0.000977868110052854,-0.0733582949575213,-0.0037850047980875945,-0.006289262714018912,-0.01866847966562142,0.014773067711839467,0.01642234900059801,0.010287468974232675,0.01183832944425169,0.010665942735360423
0,18,-1.3579386497256725e-05,-0.06335056398468873,-0.055664511508801515,-0.01689858329856923,-0.056161753906509744,0.029501699984928482,0.03400118904928223,0.01237617380939437,0.012298436465948285,0.023688755806401646
0,19,0.11253070215444749,-0.016711640568685942,-0.05680584388974029,0.03986585994441967,0.03614071399396572,-0.014661344925303606,0.02409687181774116,-0.0030427312250198854,-0.008770996456073052,0.047748257811279414
0,20,-0.0031812742559609733,-0.11374098657052971,-0.0005913117869347946,0.004836547964847274,-0.027751692595848733,0.02211453870009476,0.009985841908660918,0.017906377603056835,0.02733779871836986,0.01889159649916552
0,21,0.0031111214061016485,-0.05014325187646067,-0.035504763688459465,-0.006499340389324051,-0.030966088794583697,0.02578829090887296,0.03112301549624184,0.013129255888976493,-0.003059416819734634,0.030497888719491818
0,22,0.0925206268258175,-0.042529837899870554,-0.014517854271241155,0.0020902794622422423,-0.013948315728862092,0.060453076149434716,0.007504469586644419,-0.013066080247706124,0.01612069975701315,0.004434714710578074
0,23,0.0006877927035450838,-0.11914455752988315,0.029825184923243,0.020325717507569112,-0.025160659968670958,0.030473297137136535,0.00808531696694571,0.01910224482142795,0.0058047300216881835,0.024894179372740764
0,24,-0.0003030259083970022,-0.036338591959315644,-0.06611373437338926,0.017615800351543094,0.029172027516867958,0.03360550904930591,0.0011009606900869442,0.04099765870155669,-0.004271138178801443,0.04689959764629284
0,25,0.0012660725981725083,-0.026438520151204813,-0.011863757226149014,0.001747015050695631,-0.019823269490933975,0.019144158008039345,0.02070273206288285,0.000498856634954397,0.01200450711771147,0.021106219694307017
0,26,0.0006209180443508678,-0.0573892417106708,0.02020565905875063,0.04317741144423065,-0.018531998892282252,0.015047927449156354,0.002194556923599774,0.03431533874954489,-0.014906159691751917,-0.0258915381689455
0,27,0.011828938622142033,-0.02858546705193728,0.008489053963980607,0.016388170744457344,0.009084754482885735,0.015295829481495323,0.0413556108441017,-0.0012662153064934467,0.017884150455329484,0.004969528007024627
0,28,0.06495632204991915,0.012184688826059687,0.017906039110793418,0.03284456248943737,0.018633403485799758,0.027451699465509637,0.024815884316968715,0.011206524390981042,-0.002460967043822658,-0.027549501512476628
0,29,0.02138060452488271,-0.000555268836978778,-0.0002642594167050232,0.006511102166897521,-0.011546030470022272,0.008706588397968226,0.02313713087676459,0.011558425600432756,0.004714327969135522,0.00821063528519055
0,30,0.005640685765021345,-0.0006791083338518021,-0.015377855443169395,0.00674356726554327,-0.016569287468225617,0.01558820683706195,0.0006541392103193216,-0.010388224711700065,0.022481331049075036,0.011651516193638497
1,1,0.0011239625056103284,-0.010379166855480432,0.012749673064706122,-0.07755017308478172,0.041812266534135945,0.017400838864061827,0.02963659685133048,-0.023994467174983568,-0.027105409164457413,0.03618582294782619
1,2,-0.01658988933653459,-0.4156523111787656,0.10144132660859156,0.004394218724430699,0.05077685426320666,-0.013120970845612194,0.0513184535621571,-0.044436007721484615,-0.008246648679797072,-0.015879523413974275
1,3,0.007033012399969932,-0.013550870821493715,0.003815210116722976,-0.0593547538211491,0.03177295400286892,0.0023419460922716445,0.005671135163504446,-0.015439942801335272,0.010923405978485085,0.004578984387799422
1,4,0.059713034568349754,-0.05141818538752906,-0.01267444143977014,-0.07981491911371653,0.027669459324480443,0.0331091844684151,0.0019893102767955754,0.07401927606985509,0.027992084012846426,-0.01258296333903049
1,5,0.0023551349410616475,-0.0005693453057178201,-0.006999516387524721,-0.015076213373413878,0.01234214817387667,-0.0013921026180047798,0.006610333485122417,0.0032176757881810566,0.0289101206792226,-0.03417928643002437
1,6,0.04039335593998667,-0.038063824836184756,-0.0469535523156967,-0.008012376046538098,0.01965942457752705,0.003675486565641183,0.027510203452253124,0.009011733848612579,-0.0032574042914949933,0.003934018520592076
1,7,0.003212669689388086,-0.045861285454138326,-0.054933042888393756,-0.03235174436868935,-0.018129849044041975,0.02334771703144338,0.0596936091846177,0.03426109228579352,-0.008600767782890322,0.012213978520024581
1,8,-0.0014889515343703855,-0.12649289865035487,-0.041756779747536305,0.031558025738713295,0.04688896694177114,0.008031817314230581,0.022053613175285976,0.017734173559888298,-0.0006908675906081339,0.004807715351956616
1,9,0.02163203575249581,-0.0028870274257625423,-0.027151245418271946,0.006872662001385505,-0.029886726473554216,0.047574523900708494,0.005585292391580229,0.02576636245905139,-0.04392342642164621,-0.02607436679431662
1,10,0.009096650879837373,-0.02272105852603624,-0.019008178726784793,0.002595840265036287,-0.0035516917981820153,0.025460228298568418,0.022255227449082888,0.008103906226510823,0.001652334051796999,0.007900985693039516
2,1,0.0016868577028368627,0.006581219792760545,0.023609932273246027,0.01481104408807209,-0.007676440712237163,0.022673989483584206,-0.00541056979668375,0.010232505253779414,-0.005159922660365107,0.009747308701791432
2,2,0.0048695052268111294,-0.012415801879731028,0.004492245341173772,-0.05019618441838674,0.006927043569506571,0.04933237357569271,-0.0010460738514740378,0.0467851011985369,0.021553248809643648,0.0738773305187803
2,3,0.0035339403885247265,-0.010192025848797002,0.022258165899118908,-0.026278408108219596,0.005423530640313577,0.006361358717558817,0.03255228817164058,0.0024774426048260155,0.018049123187578037,0.0266710187913534
2,4,0.02066258964367773,0.006961544398391077,0.005483837795831821,0.004049716520883936,0.022700123583093392,-0.008575964276644449,0.01280774570737931,-0.000654560442013963,-0.015492597548919192,0.005140670438443812
2,5,0.028001200865531223,0.008538850814829604,0.030758690843052668,-0.01296053718535576,0.03671681138577247,0.02580591844091415,0.03070484315642386,-0.013118860169923802,-0.004605152573620099,0.008981799043547808
2,6,0.0068053267757818715,-0.01186188607455215,0.0001028233016087398,-0.029328551783182482,-0.006032387877504234,0.008543287774608643,0.014713930520644134,0.008827576601726183,0.005833589096178408,0.03229088287899898
2,7,0.022726474270547827,-0.00885830334842938,-0.013650248424295144,-0.02647755150750187,0.012470534000509766,0.007890124115985574,-0.0015793577725791833,-0.008575963005142755,-0.011439315301032926,0.018610359218236176
2,8,0.0008065594247968651,-0.004142278691436696,-0.00639680136090159,-0.019590444523151944,-0.0026300024876724764,0.012011284285431445,0.0027886923406930503,0.018490884177871883,0.009532667956935024,-0.005410178501262431
2,9,0.0006660439002961778,0.004750474178547308,0.022125167257147277,0.0013518365892854747,0.007590717896979473,0.015505801776229365,0.01671649981736304,0.012817530366734258,-0.01390139776473425,-0.011020787237513058
2,10,-0.003268291238321352,-0.04601203958938531,0.05037683914132482,-0.012057034383727603,-0.001688992171366465,0.022720317203358858,0.014541613744020227,-0.02933868573005011,-0.03302731435438295,0.04617962151388484
2,11,-0.00013579926314416204,-0.010046960671280842,0.030604385981860143,-0.016423582210529857,-0.0007425414626707909,0.012606633756724625,0.020075958788298078,-0.0026028637046611102,-0.0066038549182027,0.02630402507587317
2,12,-0.0006366221227487969,-0.005822854528025269,0.004827407166107212,-0.027624302960928538,-0.005780766256443421,0.0025089932215011978,0.011052451209621075,0.004054934304947209,-0.001281193814485694,0.012565955802766357
2,13,0.0005823906291945148,0.004750157244934235,0.005022169285735,-0.004694650174179624,-0.0023150205557647876,-0.0012861620190263872,0.04406507376105839,0.015378919299005507,0.014965032300610241,0.003654991927394034
2,14,0.004691676513403932,-0.006647252888201615,0.016467437275435357,0.005929427872772252,-0.003792240470528793,0.018133715598246673,0.01542429723037633,-0.025104645739663797,-0.003630866596690981,0.010705247843255201
2,15,0.00410275551532839,0.0011940882948879438,0.0048811552070983,-0.00047087959783992817,-0.0014002652376210753,0.007973910199112602,0.02713867095559656,-0.004024317665606753,0.0030661942417163045,0.009802756315196743
2,16,0.0012486573089775328,0.0007223550853641804,0.004230593595547751,-0.015592480663050641,-0.007519115224604215,0.014498093791684749,0.00535584600400289,0.006159008866828477,0.0014283949076834843,0.02385119573649252
2,17,-0.002382674970921646,0.01115395899347269,0.034950621888891836,0.008713115226460821,-0.007533998518198781,0.03056007280440219,-0.0012016740741022523,-0.0009184384115733023,-0.0391399093875,-0.012882700359538816
2,18,0.0044994881918273225,-0.005920332383447796,0.027557588475080236,-0.04650411481418318,-0.002820185991537359,0.05188358811717105,0.010424035659669881,0.026737740104134003,-0.00733129642632364,0.049773459260917474
2,19,0.004215196322505127,0.0072101289227100036,0.010944311863490052,0.021782250773281036,0.001977622341494612,0.03038549124394316,0.014758270988929184,-0.01677119795773812,-0.006367153948475972,0.001275419379846151
2,20,0.00509894849338625,-0.006801354667433402,-0.002416479504826079,-0.019584805159719595,-0.0007555438101427059,0.010725641949692255,0.004634280322350999,-0.0035684048464655624,0.001359547541003565,0.014347307253271853
2,21,0.00016125983799269612,-0.0016485963312890858,0.011698327487018446,-0.015213787950184248,0.0014726196355859165,0.01563457981078043,0.0018860912372125958,0.010931339288201447,-0.0033335074276246964,0.015860608831019835
2,22,0.002733642137454083,-0.001708285143653128,0.012127359777548837,-0.008993123134444794,-0.006550964144249287,0.01611764679104831,0.015596642139840007,0.007462411452234043,-0.0056469600926592565,0.017617426439121942
2,23,-0.0016830754328668385,-0.00034697844225040075,0.02985774450270171,0.020736882605439988,0.002607850799475714,0.021185813567061278,0.020346693892897654,0.0021050931307177805,-0.007965675780964951,0.00673798206508679
2,24,0.0007072281073373068,-0.011717912584017309,0.031104072615128257,0.006739682517224593,-0.0011260942303382908,0.013576803955133054,0.006237843137241863,0.00046381158576413984,-0.011943325675759781,0.014619627342278943
2,25,0.001269398497574482,-0.007494380820252021,0.009067823555610253,-0.016946151355671266,-0.0001147675537020964,0.005854887071801661,0.0021544047564236823,-0.0076153824181130775,-0.0010864697304971268,0.02147382449994823
2,26,0.008037132535174407,-0.0016625979928127524,0.006316194335021564,0.009622331301072798,0.004199901285948964,-0.006556839165267156,-0.0015899760587369867,0.019157389262577484,-0.016084786081303468,-0.0006018745603760033
2,27,0.012894831426435365,0.010528605800448676,0.017243206090608802,0.03682212762098185,-0.002579568768720249,-0.025635803410783833,-0.04191073534107126,0.036973560363416945,-0.06306974875689823,0.004922086469089716
2,28,0.005172433246481088,0.0038493678766754525,0.037762060841504644,-0.02175886669280218,0.02022698108336627,0.008662821396965024,0.06673816437371675,0.05542669771788314,0.021627712688270014,0.01767017460062868
2,29,0.004839520766006019,0.004854897382399745,0.0012314047845130053,0.0020406667754951976,7.314616562909275e-05,0.0034345788475018102,0.007950099274450445,0.007600786402668374,-0.014097789318147749,0.005905063990918637
2,30,3.8575858148158574e-05,0.0031723493749930437,0.004332643622927974,0.008970589862039061,-0.006305622843679654,0.009092752804431874,0.01212524571440506,0.010030630710619912,-0.0014768995777860688,0.004636089231214979
2,31,0.01617066233255898,0.0048139819359892585,0.00289108229512166,0.02284416326221344,0.005846882566211149,0.008806539150578488,0.014169883470779517,0.004030973265805362,0.0017533191735832503,-0.007260798722135052
2,32,0.0014825423258358554,0.014343064278019419,0.02180376107117464,0.03342169588219694,-0.007018462265816524,0.027150526786528052,0.023438006229652215,-0.011164420970812551,-0.019387533413906106,-0.007172254468303358
2,33,0.002624325682185712,0.001904757009177423,0.0120767140688646,0.006181165986184632,-0.00456489374052567,0.02682580117680735,0.02437329904019746,0.004643430768061256,0.00045437832337998,0.005234666144787617
2,34,0.008742500357231512,0.016133116883393632,0.03141682416265801,0.03603516207303061,-0.010488796193247668,0.048720569026575525,0.023411302550940864,-0.01704014701895055,-0.012966443906587619,-0.009363253763627134
2,35,0.002395445090966437,-0.0030927795261328785,0.04533798543107106,0.011758558159966966,-0.014470674552526852,0.0591565437703111,0.004387624385070712,0.024690807771609855,0.0056925074167608145,0.04919116297913872
2,36,0.011089308492580385,0.005650064210514871,0.018835296082507044,0.01866781020190417,-0.0010488225721355339,0.031087969784480775,0.011861663876315924,0.008234691616269458,0.009204740772046109,-0.0013070178375294713
3,1,7.935970422581458e-05,0.0009429960213051099,0.017778205372109966,-1.83759903360412e-05,-0.007216335904788196,0.014403118793656551,0.0052042365011021625,-0.001767695729923734,-0.01201702495959983,0.009839546497582055
3,2,-0.0010229003512785952,0.00028586851707031673,0.034644413537438426,-0.1097462511164184,0.0348488380188032,0.07211501531299686,0.06653296011108743,-0.017888412158035587,-0.07402304884726697,0.08978188191599266
3,3,0.008096011700587293,-0.020834024249933032,-0.001458616976020573,-0.10777122522552551,0.04785964418463318,0.010987992991506866,0.018057849510794394,-0.04471077204557495,-0.026242849464740946,0.03178648941051901
3,4,0.0009471703505285448,0.006916123247363905,0.016372680793795228,-0.04797299527019249,0.022770528025656146,-0.007194671977430777,0.015686167105489396,-0.015813427968096292,-0.0012778742458261286,-0.0009889814952489119
3,5,0.003459120102105271,-0.011984781981860412,-0.006150370925183451,-0.07456702378271009,0.04263303882125941,-0.019994230043796024,0.012198329078241277,-0.0129892822627865,-0.019893413487825494,0.0063153686886982955
3,6,0.0011771499420419576,-0.009876054128974935,-0.026057046440095294,-0.033407219725209436,0.07904672623587,-0.018023181848848744,-0.01741615380650486,-0.017503767988348896,-7.5544792698686945e-06,0.027347839605271918
3,7,0.008018543201834996,-0.008824540689231924,-0.033242181052506405,-0.027187586527925443,0.016921495040976613,0.0046923182525890365,-0.00665529509043291,0.005592797381394513,0.021376891567284027,-0.00020681642508308144
3,8,-0.0022913686746655563,-0.08208805940246569,-0.02387505100408647,0.03174823221613636,0.04692763049241375,-0.007161057358280239,0.0008504806446341727,-0.0019954344202599995,0.021672453285479988,-0.0038983872829574545
3,9,0.003675427316725595,-0.06791096036177525,0.030592186131335602,0.036702921822774466,0.013452736990227988,0.014120894570047622,0.016336361891604798,-0.03764055321543919,0.011512502364417764,0.0027406780846207113
3,10,0.0030381158229083557,-0.02120688075794544,-0.010704934868610192,-0.07831875586293853,0.02346711679465181,0.018063868396648333,0.0102211987700596,-0.018080762898105143,-0.018641542327360677,0.04728369745760881
3,11,0.007294403923778321,-0.004526389421408427,-0.014741549063631868,-0.06636490836642381,0.014190199553426718,-0.009933073925995453,-0.020529884029971576,0.004855715342249585,0.04794687144884451,-0.040224967396241824
3,12,0.0032839482999313173,-0.006800236474422666,-0.023248369982459875,-0.005363116241393432,-0.00974002567892528,-0.0060822127622011425,-0.004295690991506044,0.005078573145379578,0.016114709784342766,-0.018891477978546248
3,13,0.04151058814924841,-0.016018117187876116,-0.03681130453019845,-0.01836701236303077,-0.02951004066028657,-0.009721403597872802,0.015776173176995017,0.006813630287681545,-0.023600889152795946,0.011668234209534835
3,14,0.007853389672787715,-0.02549107617230586,-0.059610390357254725,-0.03534825170347419,-0.03267035939635039,0.02456967530942433,0.048697977210763355,0.0035100614895712144,-0.011314909611225275,0.01966781738131122
3,15,0.00889263876069116,-0.009355581880887738,-0.03887070863722674,-0.023396075400108924,-0.012387465492931099,0.0087862715972866,0.0262971871065724,-0.0010386257533680967,-0.0036274203453704338,-0.0073238020890787825
3,16,0.057899696621823926,-0.009749931821224427,-0.03210285481985874,-0.014540957942737319,-0.019571079377221207,-0.008757878680235037,-0.003028097592876788,-0.0009131874236466661,0.022122948182182207,-0.01787757618430142
3,17,0.001999314048330726,-0.006797973942016772,-0.025117047074810623,-0.014877562680258182,-0.020448792873595013,0.005964198181026542,0.013978761368457075,0.009756302517574934,0.01368892446889879,-0.0033377311610463915
3,18,0.035286167375553505,-0.040678400571455484,-0.03872415481775725,-0.04053163193924392,-0.005064302112913552,0.020669942420845095,0.025304013478808757,1.3719661587764317e-05,-0.011391806900068732,-0.002533247662120707
3,19,0.042067121566292366,-0.003532895190661091,-0.016564077057079327,0.0007537242250044916,0.00697564027596547,0.0016154683573849184,0.003011361630370168,0.011443832970979303,-0.0163611016979676,0.011657439821760492
3,20,0.021876430450678004,-0.004968169891282839,-0.043010085564782204,0.01100415137708364,0.022202625818130612,-0.0035241300466279622,-0.009369297797751345,0.025401163546914043,-0.026848975668672944,0.009807187563651093
3,21,0.0005893406473268497,-0.21201474942164605,0.014530096460491915,0.008004376248758337,0.0014504521573725996,-0.01301055680607109,0.010773421385972393,-0.020921476660210037,-0.02105924982910475,-0.01074930908086254
3,22,0.06963599665822963,-0.02469902241051878,-0.1400450981959967,-0.04926221391262237,0.011123201141313127,0.04482698129986345,-0.008001531169138532,-0.0571001157701639,-0.17848914608788513,-0.06060042153971673
3,23,0.026505324162891874,-0.06483209722095579,-0.027520522724023652,-0.016893995418105674,0.009780598940842372,0.0002341677341425943,0.0012155239145328393,0.0017085991184591061,-0.012721608199949282,0.0006746715802839563
3,24,0.10725808768033974,-0.017163595865256405,-0.03453843172377052,-0.0330441896142359,-0.006634513520180807,0.05035365336586184,0.01312676508607233,-0.0059114961054789065,0.00023746951868522511,0.001115582060324497
3,25,0.002606284473248143,-0.002465411731023182,-0.005106638210369359,0.002378961362609444,-0.003672497344152428,-0.0006449595011196966,0.01763803467987262,0.013260165730357258,-0.018439002290611916,-0.010362713911849768
3,26,0.03757940268020251,-0.06313794243210233,-0.011202613076672996,0.014609454752829812,0.004558129969936647,0.011182424782989779,0.011501467266106971,0.017540104994869236,-0.01746708248028691,-0.019954453980086776
3,27,0.005421096838237891,-0.02790161819923287,-0.022793512346362312,-0.021548414587191977,-0.014715021061113283,0.022956014180719735,0.04784855284104896,0.01796650365374909,-0.010425167799500614,0.01171575389182611
3,28,0.08564278488614552,-0.03195923742696012,-0.010978423299217591,-0.018079281570358294,0.0068515105862782325,0.03426997761523357,0.0315999193426649,-0.040205109845918574,-0.0011047464454520374,0.0040709117425304885
3,29,0.010572064343354913,-0.003954108443191621,-0.027930086057813098,-0.024733030623971773,0.009637074426703154,0.02660438022430322,0.03955600347825068,-0.01438829022863795,-0.01468505461231941,0.013354971017733665
3,30,-0.001309678476358472,-0.005318147507298821,0.006889051758813538,-0.0035151969720683385,-0.013920357387276969,-0.004725108523082354,0.04754904946494195,0.008518552032383922,0.011995394127874233,0.006110360944323726
3,31,0.0038177317152172535,-0.0076512174175664485,-0.012591718574426735,0.006786216816385572,0.004861742698899922,0.025496970440446482,0.016015964557013145,-0.0027833761315754833,-0.0013475127041820973,0.0048419718775113045
3,32,-0.0031577508769238087,0.005211474791119919,0.01839501774952361,0.009290347285989285,-0.026706970608607883,0.0451621630957889,-0.004610405675066423,0.04198409537874895,-0.041170535664334665,-0.027401422481961767
3,33,-0.0014204375996323148,0.009402256968459782,0.07547628337086276,0.054600795425108754,-0.04213147883190497,0.08954468679054917,0.011596113018041379,-0.0011215245277263963,-0.04469929353594466,0.05293960627570174
3,34,-0.0019346863405130543,0.0185178378730996,0.02704957646853484,0.05044817661540536,-0.0035749886540682634,0.022308067049349834,0.016571478986427003,0.021124377326740044,-0.026621599620538165,-0.03307775558028816
3,35,-0.001432091116839257,-0.010013665932922066,0.03259801260293939,0.02632599974199899,-0.021478821391599776,0.04082912949751111,0.023917282783562366,0.0036800457174471406,-0.022620912951964445,0.03624407416821452
3,36,-0.000691484753517613,0.002376415929416388,0.00707837954897312,0.012739034334838037,-0.0067334978884655335,0.02340005037887078,0.060292087316543994,0.04230824375501582,0.00203359183563582,0.00015109306630406915
3,37,0.10152176647100948,-0.010818370757040558,-0.017698069615688917,-0.024823787141103015,-0.010801767658666599,-0.004558699544843057,0.007177835239230316,0.004962106402776273,0.0275140936099653,0.007828067103147773
4,1,0.0035119255821610723,0.004508740849894104,0.013604321007569826,-0.026011973568511548,0.009580846347527936,0.004593586970508382,0.06229141873479474,-0.012700529488785058,0.01728191424746566,0.005992805074372583
4,2,0.003559564532103867,-0.0008641519504808134,0.03020061553727128,-0.08170578493184429,0.03612598814738287,-0.03326969633872931,0.11807225787137844,-0.04200245465559222,0.004069589604103462,0.012526876356991984
4,3,0.000410949786183495,-0.0001855434755791985,0.009575519095889036,-0.053167208567100624,0.03343384386126697,-0.017901496178153915,0.03023026827904644,-0.04349654016223313,0.02598771329186768,0.026166791227469982
4,4,0.007143383116772037,-0.008949375497219027,0.005885954475793639,-0.047251741742106564,0.0032642197560332443,-0.012456246073542536,0.048521826152063456,-0.02549241351578524,0.02621054900938118,0.027177550132276997
4,5,0.003427720204807524,-0.008834156103228597,0.0027455087418887638,-0.04374269921912747,-0.016856647631180194,-0.004784750997668544,0.02838847472582447,-0.014351097810408935,0.01866128281524701,0.019827172005289953
4,6,0.0015912129418127184,-0.031357083471400024,0.013971442561446256,-0.026392995037087502,-0.013449772226824072,0.011435878210182597,0.018372682205697686,-0.014903446651325885,-0.0005666973076499135,0.04291481939322194
4,7,-0.0016631850326126938,-0.0047437553761548465,-0.016108749887333778,-0.023198226670805414,-0.005418700297086977,-0.016002984217203878,0.013078586390829441,-0.006521591216084782,0.031731558771830454,-0.004930569794329941
4,8,0.00014867161804298752,0.00044828089761286187,0.004277334804233894,-0.017224365640985777,-0.009770284775054691,-0.04496932609348649,0.13579120453099525,0.007903388642909067,0.053595957480901533,0.010145450573795626
4,9,0.0045339967654196445,-0.017605613484061304,-0.009670739235707437,-0.05792785486586763,0.007778667546423638,-0.0015424743575175378,0.029629717465722707,-0.03007292838729192,0.021020665735155916,0.02805808388123023
4,10,0.003468945187806028,0.0014233886272617834,-0.023423201885867533,-0.025925099433861613,0.00684780710734784,-0.013777604829501145,0.01879260386037902,-0.006616456805093675,0.05129778085075519,-0.03680917615525284
4,11,0.0035160814829437526,-0.007601782971224627,-0.03435439020244347,-0.008222415683328464,-0.034063415067975264,-0.001015721670590527,0.015897539254779172,-0.017661849219250812,0.050896296838541875,-0.0016755990056937817
4,12,0.006395188742502379,-0.052532832597740484,-0.114900337115908,-0.045551397527527536,-0.07964911909592103,0.03984157130238088,0.06644367526721069,0.002866703117525388,-0.007446180470241244,0.011505416684976951
4,13,0.005985283651988262,-0.016943961842435604,-0.07692481783402322,-0.030450341144738154,-0.03140428071280652,0.02684586690384694,0.04797186659582755,-0.029474926707850607,-0.00030624918804524434,0.037123342419405056
4,14,0.00853809345354082,-0.01271342482811227,-0.04623038193042558,-0.0410545333937201,0.011486617075862123,0.00570348074759507,0.0439511814635361,-0.05177039169951601,0.011341990532264638,0.03782608730701024
4,15,0.010849701222795933,-0.03300885690214061,-0.11719648313949169,-0.03920833978358002,-0.09268056486264996,0.041830495519012335,0.08005383439390744,-0.012519593251812336,0.0019507416355154317,0.02858759250564754
4,16,0.013751572218699333,-0.018173851644216973,-0.04470861249982965,-0.046685662337157624,-0.02849379329847607,0.007443179022335344,0.030020287619094973,-0.005883022712205482,0.031086562747047818,0.028276540386261772
4,17,0.00615518633064935,-0.025547569941217953,-0.09146666195793478,-0.02103294642808005,-0.023399167127987522,0.015051488208361418,0.04204064882476917,-0.00995257443305305,0.006415718728184731,0.01058407376586722
4,18,-0.002432930277398629,-0.12660224119243838,-0.02373855476721981,0.008441077112021248,0.015589765037589517,0.0006536662069004599,0.025051792318758613,-0.01981678843119097,0.004629806810182054,0.008017799922723053
4,19,0.0014163132063705543,-0.006185345271976554,-0.06538258815904316,0.028168416097983574,0.040375274081466565,-0.0021488233582367205,0.01908982910283716,-0.02544521068998533,0.01974073191843118,0.026074760632228668
4,20,0.6600703347787951,-0.026490236073210584,0.015655364978853243,0.03475254320502623,-0.07163867628705994,-0.21034833426881575,0.03848395926557962,0.05301279236197122,-0.0508442514471638,0.10455436858457098
4,21,0.09627306189487808,-0.016442538577711486,-0.05049999095059454,0.0006103269961815899,-0.037844037484920864,0.033754469629861845,0.039027215297627815,-0.05179386315639668,0.008407110918121213,0.024800653584943815
4,22,0.0049603336967149365,-0.007651462543745821,0.004556324672319722,-0.024863675947097718,-0.015387696101179082,0.008862206451063163,0.017265165629929857,-0.009127092878324236,0.0067885260403998185,0.0012743416841120908
4,23,0.0016934070528993208,-0.008404008819909145,0.0009075245889557872,-0.038727464608592686,-0.016238491798071256,0.0030370975237260715,0.014592585103841416,-0.03197653214225223,0.01331403523365103,0.020894273818198507
4,24,-0.0009121479092103535,-0.0499909489610452,-0.005470056931656879,-0.009652555478807947,-0.032694626110372466,0.00631638308379644,0.03439051319703923,-0.02969162129959256,0.012270240328035208,0.024411867875079277
4,25,0.04380318792232571,-0.013441633047646588,-0.036442797019045625,-0.03710098198557581,-0.018906487655759512,0.023743608529898933,0.032248488608091284,-0.016073903412070357,0.01502445888997542,0.011282150163696538
4,26,0.006838170943529456,-0.011630381542375496,-0.030372777328085028,-0.014760795506164031,-0.008285730534702506,0.01496716390960934,0.03399817284410344,-0.02236928751567063,0.015822364231146753,0.033110130818428014
4,27,0.002985518530825435,-0.05343906205949612,-0.022336705233900595,0.009773931066484911,-0.03241483067727351,0.017908879763440806,0.048476216624969,-0.03034230179965974,0.023927157078774103,0.019834329490551913
4,28,0.00423361243492734,-0.02912967033741838,-0.05289291581938117,-0.00134874305716245,-0.021667905315771004,0.009384462316783955,0.03550486630346508,-0.0361137608381869,0.025594297145576362,0.02156515193576303
4,29,0.003569118307190682,-0.013284896185928272,-0.04374849229064094,-0.019581439196656916,-0.022630784580368803,0.014023254873411094,0.026418916305881834,-0.004834198236467404,0.022410485249839143,0.023501543385710373
4,30,0.3106448749154653,-0.008291535663175247,-0.0212217852173147,0.0488695028297466,-0.001144044127176011,0.055526664962028176,0.0359113714154279,-0.08619173967428197,0.0630973649878617,0.01791589201561044
4,31,0.011432218033808452,-0.006393784599815219,-0.03882727336218325,-0.009476820050346583,-0.009652183881397904,0.014886583640153161,0.022855671816550682,-0.020942321566552975,0.006048079682943915,0.018514109618648304
4,32,0.00117063851314283,-0.019642317703584006,-0.0023223977179745196,0.009639727573511012,-0.02600179490461459,0.00017219532563892122,0.03404839674591212,-0.018682265907717148,0.012761295856589626,0.015685845019753838
4,33,0.018603004351698715,0.023402748638493023,-0.0037112781856415613,0.07459248710476357,-0.0016986448956333876,0.05857215868599966,0.04577478760709536,-0.1232282567941099,0.06412520186035658,0.02063262778103258
4,34,0.00012869598688090595,0.005076551912694752,-0.007158220567462937,0.009632064839919066,-0.009825996755672615,-0.0016486244183850434,0.014085848617040214,-0.01216295317109167,0.0063847767648946025,-0.0036256927651383713
4,35,0.0014372067949613725,0.011229067961419955,-0.0069395730315039116,0.026319667058771076,-0.012762350051051039,0.0040058315250212076,0.03487826655346724,-0.03768851002670806,0.01236276250808079,0.0003836018743793144
4,36,-0.0013613900641482287,0.004509644914383401,0.02292158983333069,0.033659514175023574,-0.019075199684547444,0.021138355918609856,0.023227267694239787,-0.02693289223027444,-0.0006537424765694399,0.010188935194641749
4,37,0.001715381248453245,0.0021569478331629113,0.028319212558356316,0.00879266736741844,-0.01940926711168031,0.038511457077594506,0.03650330336461094,0.003786073440765718,-0.0004428106038793407,0.03934537109633456
4,38,0.04831366875544601,-0.0170263289071078,-0.019600338542396036,-0.00867636249161286,-0.016438297122817802,0.02163300770185602,0.01998644561993522,0.008286568447267755,0.06737234192153471,0.046178367935194385
5,1,0.005899906071679378,-0.014842316901527465,-0.008539209978658714,-0.08742481297912978,0.03097926305579783,0.027434182166751992,0.02274856427253216,0.0017596135854036376,-0.019766202345311047,0.0625086809698139
5,2,0.0038628667222992434,-0.010043798018563399,0.017497143420199212,-0.07708034018702192,0.03910884877525702,-0.002258453559739495,0.038366337123603614,-0.0221960178958177,-0.008397327827423244,0.019096632214280356
5,3,0.0015228907200261646,-0.002071970849803065,0.011144771884547962,-0.0471508964106238,0.01272706711799532,0.003984075536981507,0.023152083399548613,0.020854188392917018,0.009710689716157652,-0.01320514528336376
5,4,0.006260605035881623,-0.011796771281130639,-0.024456306002393693,-0.06061573085743466,0.030470308722868905,0.025824748257915753,0.012074925620748463,0.05919180311132696,0.01735896684888354,0.004216765828214825
5,5,0.008730132032867138,0.00209312729302094,-0.022318897770500203,-0.01759048703194909,-0.001794442320925066,-0.022024755772629877,0.016929477366313755,0.017933115704565,0.05182191854215209,-0.0502727455765341
5,6,0.14650292726433378,-0.029458299221354945,-0.0767852925681411,-0.014506710340047019,-0.0028067279946564065,0.07303831357530685,0.06723755273053217,0.010548832181702663,-0.01277575455855212,-0.03974961207620594
5,7,0.002399906819436693,-0.06460028003740105,-0.09561075209496224,-0.010523785203221824,-0.0771058907887689,0.04217666138247782,0.07173547893009777,0.036795623556908234,-0.021849755438623195,-0.033776809729094685
5,8,0.006587182644918676,-0.030458087852256004,-0.08314795960851504,-0.015300115188163363,-0.001349327507167136,0.016922486795231707,0.05030961328905264,0.010255091279634563,-0.015732069714437507,0.003929505766285597
5,9,0.002157905067768592,-0.05676501854944595,-0.07407325366153227,0.03654233757259947,0.048440518284094514,0.001423381059644862,0.06088279154520723,0.015079059550168906,0.000588474305514469,0.000704286422554483
5,10,0.08458878460196669,-0.007043218377888716,-0.02799135253673264,0.003527326926992008,0.006030655451606867,-0.02627077373218342,0.06518422857838911,0.024094651444534352,0.013897244530233121,0.031517160907182366
5,11,0.09229637524593677,-0.008933151943314965,-0.027931639633012696,-0.007211096472714663,0.02721340856958039,-0.01694780636739623,0.0585802213863852,0.016775874304790276,0.008128653625849911,0.025573243876383486
5,12,0.00043707710918382476,-0.041777056384442825,-0.08421605339756348,0.008687664468287719,0.03637697646662512,-0.00872603181168261,0.09425912758764975,0.013955542555734968,0.025190587898910807,0.02407195856255959
5,13,-8.572968768528195e-05,-0.028517666900254476,-0.08184204566614231,0.047038918459587464,0.10682759671786766,-0.010355736682930352,0.03343175841793638,-0.0009204377609503111,0.011065824572305979,0.025667102755343417
5,14,0.07696985043487133,-0.022304142509012834,-0.005464082892740599,-0.04000042229803234,0.002703565791472037,0.01287671693950463,0.038742159794119845,0.009785974594527895,-0.0006236991488790377,-0.000895388264551553
5,15,0.01592357478800233,-0.011551480056411675,-0.09524154562070002,0.033827304842089644,0.07666222673400036,0.02112097405037212,0.02853834111274731,-0.005384211256274198,-0.024430594523313056,0.004725193959953028
5,16,0.08895536778630876,-0.010630517192842817,-0.02440582835398812,-0.017724955264167615,0.008609535643547961,0.03576345613771215,0.014681475003020987,-0.019829379622844173,-0.013747793587278108,-0.010068718060570418
5,17,0.004146764239619087,0.01873449340671279,0.03446557522580097,0.0310174108105875,0.04275917116471593,0.018532094085346444,0.12618679375406447,0.05294094932647125,-0.025287063977859736,-0.054929640534949746
5,18,0.0032058645305118806,0.005919087965852118,0.011643407205814067,-0.01861573198380224,-0.040799795032386406,0.03362329286674158,0.09452033267803556,0.026466798952187662,0.015338453615856475,0.03900696824460121
5,19,0.007545016438162181,0.022976610838209004,0.05903438341480839,0.02640201541747635,0.0354313862903086,0.03976456738515796,0.20464948420132445,0.06433305493659507,-0.0321111751738509,-0.011305998999400577
5,20,0.0014348697450508935,0.02893853386135427,0.02226086633764715,0.052483862981392536,0.026070969759875877,-0.012108065386673408,0.08799983688982811,0.026326434693980365,-0.005882575683976001,-0.04452787526475989
5,21,0.020797556133406635,0.010620933393586478,0.007814564772272608,0.025062893718172715,0.012551735380473487,0.003455013267926783,0.06709641382210156,-0.009891437905670817,0.01016866632355543,-0.0029540519621901263
5,22,0.016807430925186342,-0.008969984512687629,-0.015413044755103597,-0.051091082684001254,0.01176187349923111,0.008917638698077036,0.06345046577345351,0.0060195546685648015,0.00878465087839404,0.02496730720972785
6,1,0.012835571771303162,-0.047750791363615624,0.048815584094244385,-0.11105806279194293,0.06289382436657584,0.020106124998579233,0.12511111623430535,0.0676939630762821,-0.013977445601777414,-0.030799881978303516
6,2,-0.0021597764349503583,-0.0014045839299507844,0.03300542810942236,-0.059352025955060214,0.00017425139394662082,0.031208771586917688,-0.004797941667232584,-0.03569554942755135,-0.0746503361697552,-0.008426082513387955
6,3,0.007525993957528086,-0.02491662749357244,0.01839511829272111,-0.09521047830940566,0.04510350623474358,0.014248169108340468,0.025561653087681803,-0.053889045750539634,-0.04317033484409996,0.02320507494215104
6,4,0.7079968688691534,-0.04288481127016349,0.042411695767329144,-0.07737365909737501,0.05134994714488135,0.1597541983934875,0.034576437684661544,-0.03219528079969388,0.030467773337397412,-0.06320236935045494
6,5,0.22663565020016183,-0.03160421070229907,-0.0062721596597058015,-0.08122675656721869,0.015003501796621983,0.04768979010981277,-0.011402916314872322,0.076958458837706,0.027367473291410184,-0.047440900329300546
6,6,0.00871121248955927,0.0022993191446599175,-0.02182141728378742,-0.06470229388908351,0.03063899512671805,-0.012636810685919712,-0.018221024410316505,0.015539243726433345,0.07018391269752014,-0.06117358625569844
6,7,0.003570628448528997,-0.024755896993397433,-0.029928867598735618,-0.009254305439783343,-0.008937796839552776,-0.006288881102302216,-0.006757839470306436,0.009462377443495231,0.02478361670594394,-0.023086684706763987
6,8,0.029231148137859292,-0.03035325615040153,-0.08856531536263632,-0.03658884826023482,-0.06355048704968012,0.04732310863493127,0.05543647339045125,0.036250103570176946,-0.02784102147096766,-0.0001424543280683279
6,9,0.007329314017496381,0.00047531110125185224,-0.09151737524287659,0.023080427016179815,0.10143187797856434,0.004661450524930336,0.04364259440543544,-0.004476242943004049,-0.027337218088498382,0.0013802989400570785
6,10,0.006629988323679398,-0.010647551822261682,-0.06906189439531017,0.00999803569575652,0.04753691239916424,0.009317297086635581,0.030059279868764853,-0.0040198775468516905,-0.029202397373025827,0.012814910211569922
6,11,0.0256169889548981,-0.007425161216075453,-0.10010814348456223,0.04104567790294011,0.1413386363500662,0.006499885448651253,0.0266054789268877,0.01603236503316902,0.0013436647228353916,0.022026075402439463
6,12,0.01711469116872775,-0.039156745530893614,-0.023613399568802877,-0.019064538815099136,0.0513678884404168,0.09474093092729893,-0.014364354933353966,0.1050749060252457,0.0635953617765023,0.11967379840132558
6,13,0.009467232825098756,-0.012793365969690567,-0.08125198800684509,0.030224047589791997,0.1083674436305868,0.040099415116509406,0.007584669439418681,0.02671932453094524,0.03601115670174419,0.05633056924010866
6,14,0.17239426368621716,-0.008938093452066557,-0.02651905061336542,-0.008643887701275343,0.01706137681512528,-0.024506307462227362,-0.03248244411330257,0.05439351356680158,-0.06886698836777484,0.04913317787702829
6,15,0.16692854438953886,8.382332744473795e-05,-0.021785383609823888,0.07068181028993162,0.038879825750313804,0.10854627725336659,0.03282514433683028,-0.05216923574289486,0.033827288081493476,0.023644696797948752
6,16,0.047661292930119455,-0.018402132069425047,-0.021293851077378655,0.0109834585757391,0.020217952181854824,0.00459627112710882,0.012385575128917718,0.015292664483518636,-0.01280142901802026,0.008816522410609168
6,17,0.05877932445433038,-0.07143389669064024,0.016519715148090867,0.03066333727570872,0.048207239692863724,0.1044885533332539,0.009315296844858758,0.08414751810534087,0.0365939216974933,0.09335954562658318
