book_id,chap_id,0,1,2,3,4,5,6,7,8,9,10,11,12,13,14,15,16,17,18,19
0,1,7.215007375364815e-05,7.215007337416408e-05,0.9986291486038813,7.215007367782848e-05,7.215007378650596e-05,7.215007314839094e-05,7.215007378039941e-05,7.21500732973725e-05,7.21500738791427e-05,7.215007215013532e-05,7.215007354748821e-05,7.215007359288778e-05,7.215007317520429e-05,7.21500735854424e-05,7.215007359944451e-05,7.215007357500028e-05,7.215007328571547e-05,7.215007380539777e-05,7.215007374686162e-05,7.215007335744052e-05
0,2,7.215007277175237e-05,7.215007323824323e-05,7.215007381515396e-05,7.215007372896539e-05,7.215007359265896e-05,7.215007364999399e-05,7.215007336363142e-05,7.215007357472728e-05,0.986501294230762,7.215007215012522e-05,7.215007351639835e-05,7.21500736124867e-05,7.215007323747962e-05,0.012200004447730922,7.215007337171172e-05,7.215007376355527e-05,7.215007327994661e-05,7.215007368138087e-05,7.215007379127384e-05,7.215007336767477e-05
0,3,6.518904891662255e-05,6.518904953329889e-05,6.518904986006607e-05,6.518904968849079e-05,6.518904978548334e-05,6.51890493074719e-05,6.51890496899119e-05,6.518904928660861e-05,6.518904968610414e-05,6.51890482399131e-05,0.9446864346765819,6.518904947983145e-05,6.518904957133224e-05,6.518904971475674e-05,6.518904959277347e-05,0.054140162433061294,6.51890492359581e-05,6.518904969822708e-05,6.518904961920157e-05,6.518904945086116e-05
0,4,5.4945055631784806e-05,5.4945055965609666e-05,0.7838734742656972,5.494505614108523e-05,5.494505633965758e-05,5.494505604897525e-05,5.494505598971845e-05,5.494505588148698e-05,0.07694189572752415,5.494505494511354e-05,5.494505633290363e-05,5.494505615033572e-05,5.494505620468942e-05,5.494505610177224e-05,5.494505609176131e-05,5.494505631967694e-05,5.4945055872763044e-05,5.4945056138119825e-05,0.12655547891808427,0.011750030192538797
0,5,5.3533191309823354e-05,5.353319148424614e-05,0.6042577529726806,5.353319189097935e-05,5.353319189668144e-05,5.353319138038461e-05,5.35331915957667e-05,5.3533191665267855e-05,5.3533191681115164e-05,5.353319057821018e-05,5.3533191594246806e-05,5.3533191445150095e-05,5.353319169566097e-05,5.353319162653383e-05,5.3533191730050365e-05,0.393356128680347,5.353319134146936e-05,0.001476054091159136,5.353319152450046e-05,5.3533191373251024e-05
0,6,5.580357210250873e-05,5.5803572383011526e-05,0.9989397321081388,5.580357252391761e-05,5.580358804548194e-05,5.58035725408143e-05,5.580357237972526e-05,5.5803572444810386e-05,5.580357254311459e-05,5.580357142861954e-05,5.5803572313977684e-05,5.5803572524098606e-05,5.580357249290647e-05,5.5803572505506734e-05,5.580357254123658e-05,5.5803572747839635e-05,5.580357264819908e-05,5.580357264839211e-05,5.5803572754418763e-05,5.58035722927595e-05
0,7,5.2798311218091254e-05,5.279831130969066e-05,0.8110810574797412,5.279831172288908e-05,5.279831166275731e-05,5.27983116060081e-05,5.2798311541816425e-05,5.279831126934338e-05,5.2798311608839865e-05,5.279831045412076e-05,5.279831155466695e-05,5.27983115198667e-05,5.2798311300552446e-05,5.279831159119756e-05,5.2798311531999184e-05,0.18796857291451843,5.279831141002028e-05,5.279831168058323e-05,5.279831145306865e-05,5.2798311304611875e-05
0,8,8.143322581908903e-05,8.143322610828713e-05,0.7304024090380776,8.143322663182215e-05,8.1433226441061e-05,8.143322633377119e-05,8.143322636776276e-05,8.143322635303665e-05,8.143322673081094e-05,8.143322475577635e-05,8.143322606914255e-05,8.143322662723434e-05,8.14332260789149e-05,0.2681317928878141,8.143322677292314e-05,8.143322667200506e-05,8.143322618464422e-05,8.143322672290882e-05,8.143322673818685e-05,8.143322670100576e-05
0,9,5.7803469014429435e-05,5.780346908258603e-05,5.780346945433856e-05,0.9989017340865365,5.7803469195814514e-05,5.7803468861446774e-05,5.780346917572489e-05,5.780346891073246e-05,5.780346943556226e-05,5.780346820812441e-05,5.780346890179835e-05,5.7803469016112164e-05,5.780346910530712e-05,5.780346928020263e-05,5.780346937569693e-05,5.7803469349887415e-05,5.7803468988772394e-05,5.78034695621186e-05,5.7803469267433135e-05,5.780346927749513e-05
0,10,4.9164208878897176e-05,4.916420941818757e-05,0.4042107121337977,4.916420963123061e-05,4.9164209752129415e-05,4.916420922249717e-05,4.916420963181619e-05,4.9164209171557976e-05,0.5630011549069511,4.9164208456296426e-05,4.916420931868096e-05,4.916420939801904e-05,4.916420946048402e-05,4.916420946198677e-05,4.916420957997715e-05,4.916420961558691e-05,4.916420924675054e-05,4.9164209683027444e-05,0.031952341399695924,4.916420962790631e-05
0,11,0.021172666438493186,6.578947478411772e-05,0.540365615680627,0.18957096420510805,6.578947495676576e-05,6.578947466409754e-05,6.578947513688115e-05,6.578947486929393e-05,6.578947520629938e-05,6.578947368427476e-05,6.578947481655287e-05,6.578947470239377e-05,6.578947511398542e-05,6.578947500517733e-05,0.23473866145671052,6.578947526759143e-05,6.578947540667513e-05,0.013165250095821793,6.578947488409775e-05,6.578947474132984e-05
0,12,6.369426860159156e-05,6.369426865958117e-05,0.7769762294541944,6.369426911023074e-05,6.369426895896077e-05,6.36942682822015e-05,6.36942688225683e-05,6.369426868074056e-05,6.369426903086936e-05,6.369426751598571e-05,6.36942686477805e-05,6.369426882612749e-05,6.369426874548265e-05,6.369426892405299e-05,6.369426904754342e-05,6.369426904660421e-05,6.36942684114371e-05,0.22187727370851837,6.369426917365373e-05,6.369426880216842e-05
0,13,6.297229266674855e-05,6.297229322269629e-05,0.42492801389258456,6.297229357399087e-05,0.339246454583318,6.297229305768209e-05,6.297229321048484e-05,6.29722931652542e-05,0.1599192694921434,6.29722921914969e-05,6.297229345903234e-05,6.297229328550045e-05,6.297229316259593e-05,6.297229347980845e-05,6.297229327143255e-05,0.07489870534042271,6.297229304589218e-05,6.297229365084711e-05,6.297229374662383e-05,6.297229334114005e-05
0,14,5.07099403292898e-05,5.070994010147334e-05,5.070994017675488e-05,5.07099401356493e-05,5.070994007247591e-05,5.0709939847457806e-05,5.070994011577741e-05,5.0709939885260974e-05,5.070994012925154e-05,5.070993914810424e-05,5.070993966605624e-05,5.070993990726248e-05,5.070994000880231e-05,5.070994004918955e-05,0.9990365111372307,5.070994302877767e-05,5.070993984211578e-05,5.070994022266703e-05,5.070994014999217e-05,5.0709939952806566e-05
0,15,5.707762618174546e-05,5.7077626551140576e-05,0.16087735612624796,5.707762700921812e-05,5.707762682983775e-05,5.7077626469538526e-05,5.707762706236035e-05,5.7077626405931055e-05,5.7077626886543126e-05,5.707762557082339e-05,5.707762634084929e-05,5.707762699871339e-05,5.7077626587133954e-05,5.70776266964779e-05,0.6622561048098532,5.707762687652531e-05,5.7077626322380484e-05,0.1758962194116355,5.707762695031097e-05,5.7077626523717024e-05
0,16,6.410256491839866e-05,6.410256529029525e-05,0.6603561078933664,0.3384900459296661,6.410256551966594e-05,6.410256519174667e-05,6.410256549903241e-05,6.41025653195571e-05,6.410256557780787e-05,6.410256410262483e-05,6.410256560306257e-05,6.410256523820298e-05,6.41025656916722e-05,6.410256551559116e-05,6.410256557635519e-05,6.410256559757391e-05,6.410256588711315e-05,6.410256550800837e-05,6.410256557688629e-05,6.410256535390587e-05
0,17,5.675368953823845e-05,5.675369001938191e-05,0.6295782832527191,0.07552304744397323,0.17987275526353527,5.675368992288486e-05,5.6753690118382264e-05,5.675368974263803e-05,0.11411785499960005,5.675368898983717e-05,5.675369017649222e-05,5.6753690082570104e-05,5.675368998063169e-05,5.6753690268325344e-05,5.67536901986624e-05,5.6753690417563456e-05,5.675368996292411e-05,5.675369031587263e-05,5.675369043204478e-05,5.675369000584797e-05
0,18,4.844961307051634e-05,4.844961324241879e-05,0.2839870754456681,0.0886190734103472,4.844961348734768e-05,4.844961315958392e-05,4.844961336761172e-05,4.8449613188426464e-05,4.844961349171169e-05,4.844961240314954e-05,4.8449613639933046e-05,4.8449613317468626e-05,4.844961351715024e-05,4.844961331825676e-05,4.844961350564066e-05,0.2581207028004763,4.8449613216064376e-05,0.3684979545309817,4.844961342995247e-05,4.8449613171413665e-05
0,19,0.019212776123552086,5.1282052210192835e-05,5.128205252450377e-05,0.8420679676739238,5.1282052243896886e-05,5.128205193213432e-05,5.128205217349764e-05,5.128205212184758e-05,5.128205234791259e-05,5.128205128208724e-05,5.1282052045278306e-05,5.1282052406321275e-05,5.1282052199848185e-05,5.128205226655583e-05,5.128205253590624e-05,0.13784746131511458,5.128205215991294e-05,5.1282052386576855e-05,5.1282052422521864e-05,5.128205215052923e-05
0,20,5.387931099752583e-05,5.3879311252063874e-05,5.387931148994954e-05,5.387931158404493e-05,0.998976293086384,5.3879311023259614e-05,5.387931123991971e-05,5.3879310947515576e-05,5.3879311602214236e-05,5.387931034485203e-05,5.387931105924576e-05,5.387931132675475e-05,5.38793110309828e-05,5.387931137143102e-05,5.387931140006765e-05,5.3879311470866674e-05,5.387931119097689e-05,5.38793115322436e-05,5.387931146180649e-05,5.387931129014445e-05
0,21,6.142506194543662e-05,6.14250623398055e-05,6.142506287359346e-05,6.142506288845656e-05,6.142506281605371e-05,6.142506237759239e-05,6.14250625408563e-05,6.142506239345722e-05,6.142506272432487e-05,6.142506142510341e-05,6.142506264692225e-05,6.142506267172758e-05,6.142506245784252e-05,6.142506259495182e-05,6.14250626792456e-05,6.142506293975176e-05,6.14250622065317e-05,0.9988329238124242,6.142506273365436e-05,6.142506232044755e-05
0,22,5.2854123041939165e-05,5.285412348561294e-05,0.7034178564685855,5.2854123981781126e-05,5.2854124017833125e-05,5.285412328768345e-05,5.285412385954819e-05,5.2854123351669976e-05,5.2854123867399084e-05,5.2854122621618784e-05,5.285412330105696e-05,5.285412379405269e-05,5.285412349068318e-05,5.285412370212416e-05,0.10727093253843784,0.15178581993768467,5.285412363424297e-05,5.285412393305222e-05,0.03667972507813392,5.285412378777612e-05
0,23,6.426735261897337e-05,6.42673533640592e-05,6.426735359905292e-05,0.9525606573948009,6.426735373437484e-05,6.426735310672752e-05,6.426735343275549e-05,6.426735296419554e-05,0.046282530246554085,6.426735218512511e-05,6.426735324948957e-05,6.426735356635301e-05,6.426735301421783e-05,6.426735344650173e-05,6.42673532527764e-05,6.426735351305234e-05,6.426735298223441e-05,6.426735337422967e-05,6.426735383347924e-05,6.426735340722102e-05
0,24,5.753740041461083e-05,5.753740052801186e-05,0.26358569138882093,0.019323114035156855,5.7537400610755826e-05,5.7537400066603856e-05,5.753740048054932e-05,5.7537400347638384e-05,0.07881116080094881,5.753739930959913e-05,5.75374002523106e-05,5.7537400287761916e-05,5.753740030997021e-05,5.753740078430141e-05,0.6373594353686476,5.753740069299638e-05,5.75374001252406e-05,5.753740075507081e-05,5.7537400809001136e-05,5.7537400651230415e-05
0,25,7.473841625206515e-05,7.473841664996876e-05,0.30548138091361743,7.473841742212444e-05,7.473841721192347e-05,7.473841663061024e-05,7.473841680607159e-05,7.473841687131682e-05,0.4104674401699381,7.473841554566023e-05,7.473841688372048e-05,7.473841684590347e-05,7.473841702525996e-05,7.473841720077809e-05,7.473841738777524e-05,0.2149682120920702,7.473841674002061e-05,0.06788715215463673,7.473841721954785e-05,7.473841704468694e-05
0,26,4.826254860622448e-05,4.826254890673563e-05,4.826254904540981e-05,4.826254902211217e-05,4.8262548953075e-05,4.826254871049181e-05,4.8262549045127965e-05,4.826254880055686e-05,0.999083011570596,4.826254826257049e-05,4.8262548771020053e-05,4.826254899992085e-05,4.826254881245045e-05,4.826254899380947e-05,4.826254905608844e-05,4.826254904096317e-05,4.8262549031900035e-05,4.8262548996067526e-05,4.8262549272733504e-05,4.826254907678398e-05
0,27,7.645260179155015e-05,7.645260073461806e-05,0.4802743408963092,7.645260103558475e-05,7.645260077694822e-05,7.645260030834677e-05,7.645260090631113e-05,7.645260062986051e-05,0.37026826914091515,7.645259938844797e-05,7.645260066592286e-05,7.645260102695227e-05,7.645260139385639e-05,7.645260105342983e-05,7.645260126793764e-05,0.1080663740396101,7.64526006565538e-05,7.645260117281366e-05,0.040167774309206865,7.645260114942755e-05
0,28,8.116883237385729e-05,8.116883245263161e-05,8.116883305257426e-05,8.116883306050047e-05,8.116883249448159e-05,8.11688321242516e-05,8.116883303382079e-05,8.116883229511406e-05,0.06707771347683614,8.116883116890576e-05,8.116883258668794e-05,8.11688325803071e-05,8.116883249959451e-05,0.05165361487137186,0.11404984572656147,0.3674716693725544,8.116883368746054e-05,8.116883285634253e-05,0.39852962406284126,8.11688335682617e-05
0,29,6.784260572259482e-05,6.784260644780538e-05,0.5967125940719836,6.784260658896588e-05,6.784260639702994e-05,6.784260598373709e-05,6.784260646540707e-05,6.784260608108637e-05,0.08849696501956711,6.784260515609824e-05,6.784260606227889e-05,6.784260636051179e-05,6.784260617052502e-05,6.78426068845109e-05,6.784260666079703e-05,0.06225518132645897,6.784260691321111e-05,0.16520099216012987,0.08631662832752843,6.784260643758693e-05
0,30,6.811989214522651e-05,6.811989242234577e-05,0.4004646200236288,6.811989259099664e-05,6.811989238786907e-05,6.811989216125055e-05,6.811989251110483e-05,6.811989199054309e-05,0.07362218844952334,6.81198910082268e-05,6.811989191797397e-05,6.81198926308451e-05,6.811989196339318e-05,0.5091078055250815,6.811989254705686e-05,6.811989262184706e-05,6.811989248324187e-05,6.811989265104511e-05,6.811989284743955e-05,0.01571546772488586
1,1,0.00010964912496251427,0.0001096491254396214,0.4812841403603925,0.13964669582801217,0.1713208308273694,0.000109649124839348,0.18049176548186938,0.025611830627229975,0.00010964912521118687,0.00010964912280712624,0.00010964912459598695,0.00010964912498321172,0.00010964912544222042,0.00010964912546158041,0.00010964912600909566,0.00010964912548520164,0.00010964912426359062,0.00010964912552880826,0.00010964912559025153,0.00010964912450696011
1,2,9.505703515529684e-05,9.505703636929594e-05,9.505703628575784e-05,9.505703600547258e-05,9.505703688058825e-05,9.505703542429103e-05,9.505703594869637e-05,9.505703678163218e-05,9.505703592717606e-05,9.505703422060227e-05,9.505703618727846e-05,9.505703552238696e-05,9.505703622599738e-05,9.505703579086613e-05,9.505703584361266e-05,0.9981939163182295,9.505703567680383e-05,9.505703621706436e-05,9.505703572631586e-05,9.505703558095975e-05
1,3,6.793478406460835e-05,6.793478429447654e-05,0.0423002611881504,6.793478400177522e-05,0.6055741658638832,6.793478359974473e-05,6.793478418351006e-05,6.793478406103744e-05,6.793478389298738e-05,6.793478260874725e-05,6.793478345540842e-05,6.79347840566091e-05,0.07084266716346804,6.79347840198713e-05,6.79347841000984e-05,0.2801959492418811,6.793478413242866e-05,6.793478409763794e-05,6.793478407281463e-05,6.79347839753456e-05
1,4,5.530973564260507e-05,5.530973576630245e-05,0.9989491150235137,5.5309735623035897e-05,5.530973564230883e-05,5.530973522655645e-05,5.530973568693156e-05,5.530973579311241e-05,5.530973575094472e-05,5.5309734513328254e-05,5.530973533644639e-05,5.5309735678558066e-05,5.53097356786305e-05,5.53097355885393e-05,5.530973562516878e-05,5.530973591112709e-05,5.5309735675494876e-05,5.530973581213836e-05,5.53097359748996e-05,5.5309735560104107e-05
1,5,5.5928412315339976e-05,5.592841276803084e-05,0.042976257009836136,5.592841261939782e-05,5.592841301386518e-05,5.592841294400604e-05,5.592841268897133e-05,5.592841324564794e-05,5.59284129330006e-05,5.592841163315744e-05,5.592841251645468e-05,5.592841267456432e-05,5.592841304174105e-05,0.028621904870920124,5.5928412733107955e-05,0.9274510551030116,5.5928412900377704e-05,5.59284128122143e-05,5.5928412734214065e-05,5.592841265812475e-05
1,6,0.022989666460347547,2.1177467643508157e-05,0.4683099183459869,2.1177467662643244e-05,2.1177467580137153e-05,2.1177467474721263e-05,2.117746757522018e-05,2.1177467520690192e-05,2.1177467703605585e-05,2.1177467174947853e-05,2.1177467422763832e-05,2.1177467520911966e-05,2.1177467606688766e-05,2.1177467715826007e-05,0.05310056998552476,2.11774676895242e-05,2.1177467592278476e-05,0.45526100572700845,2.117746763351175e-05,2.1177467615557608e-05
1,7,6.46830541307097e-05,6.468305414859548e-05,0.123947688158341,6.468305432402643e-05,6.468305431938309e-05,6.468305401678404e-05,6.468305412203844e-05,6.468305393757731e-05,6.468305446433989e-05,6.468305304015303e-05,6.46830539421651e-05,6.468305447567521e-05,6.468305399890793e-05,6.468305462800831e-05,6.468305450201933e-05,6.468305460292855e-05,6.468305433064517e-05,0.8748880168659271,6.468305451750137e-05,6.468305423056657e-05
1,8,0.06249996827612145,5.780346933241893e-05,5.7803469468294984e-05,5.780346956694536e-05,5.7803469305302806e-05,5.780346911333117e-05,5.7803469117488e-05,5.780346905837036e-05,5.7803469404653455e-05,5.780346820813465e-05,5.780346889029167e-05,5.7803469179490556e-05,5.780346923422147e-05,5.780346924981535e-05,5.780346962485844e-05,0.888592205843217,5.780346911948805e-05,0.0479251669043608,5.7803469332967776e-05,5.780346909453418e-05
1,9,5.6179776307774444e-05,5.61797764792775e-05,0.16196121201554683,5.617977636970767e-05,5.6179776457671134e-05,5.6179776058539085e-05,5.6179776269512e-05,5.617977717650204e-05,5.617977664640527e-05,5.6179775280956484e-05,5.6179776059239006e-05,5.6179776472891476e-05,5.6179776154171294e-05,5.617977680900772e-05,5.6179776676797344e-05,0.02949072786314747,5.617977627034451e-05,0.6946846041498728,0.11296457954949982,5.61797764443978e-05
1,10,9.12242309783731e-06,9.122423080205811e-06,0.2049085751331033,9.122423127342837e-06,9.122423110836838e-06,9.122423036698811e-06,9.12242312858796e-06,9.12242306916782e-06,9.1224231321274e-06,9.122422915535042e-06,9.122423038899369e-06,9.12242310217214e-06,9.122423062890591e-06,9.122423122971666e-06,9.122423139416758e-06,0.6745703444176847,9.122423078750722e-06,0.12036599925667622,9.122423134729734e-06,9.122423157716527e-06
2,1,9.689922535168278e-05,9.689922641655907e-05,9.689922667025805e-05,9.689922627401166e-05,9.689922667361203e-05,9.689922598250114e-05,9.689922617366578e-05,9.689922615686995e-05,9.689922680149887e-05,9.689922480623455e-05,9.689922634659893e-05,9.689922674863088e-05,9.68992261770839e-05,9.689922660128496e-05,9.689922627770025e-05,9.68992266601967e-05,9.689922610009512e-05,9.689922632530218e-05,9.689922834558522e-05,0.9981589146991106
2,2,8.278145754550739e-05,8.278145844266392e-05,0.917190998682187,8.278145890714844e-05,8.278145894132604e-05,0.08131893506484585,8.27814589376743e-05,8.278145821085471e-05,8.278145874690967e-05,8.278145695374221e-05,8.278145858034512e-05,8.278145837510285e-05,8.278145840084999e-05,8.278145858945124e-05,8.278145844361127e-05,8.278145874986834e-05,8.27814582997287e-05,8.278145863598682e-05,8.278145928980635e-05,8.278145891671674e-05
2,3,9.765625110774163e-05,9.765625202214765e-05,0.7458961488695434,9.76562522801283e-05,0.25234603859529964,9.765625143983094e-05,9.765625185607567e-05,9.765625234724805e-05,9.7656252280688e-05,9.765625000008503e-05,9.765625260291699e-05,9.765625178512307e-05,9.765625281427859e-05,9.765625234359607e-05,9.765625183370336e-05,9.765625229663642e-05,9.765625162119655e-05,9.765625189764177e-05,9.765625245936018e-05,9.765625216873143e-05
2,4,5.7670127581313707e-05,5.767012771663849e-05,5.767012797039736e-05,5.767012786707024e-05,5.7670127880760074e-05,5.767012755450298e-05,5.767012787159751e-05,5.767012779693015e-05,5.7670128074383925e-05,5.767012687430049e-05,5.7670127567959e-05,5.767012774280262e-05,0.7968615837565401,5.767012799002936e-05,5.7670127934591e-05,5.7670128023930583e-05,5.767012809614022e-05,5.767012788640838e-05,0.20210035394311446,5.767012791565473e-05
2,5,5.889281602096101e-05,5.88928159205713e-05,0.4013649957813383,5.889281636199614e-05,5.8892816424213e-05,5.889281592859081e-05,5.889281632405424e-05,5.889281623482255e-05,5.8892816592554804e-05,5.889281507661897e-05,5.889281606498996e-05,5.8892816387838e-05,0.07451648453847863,5.889281625390149e-05,5.889281632384035e-05,0.2478603398253217,5.889281626566192e-05,5.889281625675787e-05,0.27531589479625596,5.8892816167916276e-05
2,6,5.636978656866983e-05,5.6369786771258015e-05,0.4118514781870211,0.07579013435986615,5.636978702395482e-05,5.636978677095203e-05,5.636978728130767e-05,5.63697866129187e-05,5.636978702893708e-05,5.6369785794866684e-05,5.636978685818319e-05,5.6369786778223445e-05,0.04462618128479316,5.636978691127631e-05,5.6369786874237855e-05,0.4668302895794198,5.636978649594012e-05,5.636978701044752e-05,5.636978723204458e-05,5.636978688655916e-05
2,7,5.4288817258856346e-05,5.42888177591646e-05,0.4752818866364489,5.4288817959483694e-05,5.4288817766308255e-05,5.428881745613686e-05,0.23587595437900152,5.428881745601829e-05,5.4288817726042654e-05,5.428881650385499e-05,5.4288817969807785e-05,5.4288817333646536e-05,5.428881772572209e-05,5.4288817652420305e-05,0.23430883111094877,5.4288817888112725e-05,5.4288817513942e-05,5.428881779875172e-05,0.05366470679226827,5.428881756439195e-05
2,8,5.370569329759774e-05,0.014228304566472078,0.9359988102712392,5.3705693888453615e-05,5.37056939110672e-05,5.370569380434411e-05,5.370569408197694e-05,5.370569361017886e-05,5.3705694077810534e-05,5.3705692803492826e-05,5.37056934950772e-05,5.3705693944918356e-05,5.3705693775544834e-05,5.370569395537835e-05,5.3705693910913594e-05,5.370569396251203e-05,5.3705693494239677e-05,5.3705693922352226e-05,0.048859888368387415,5.370569396540157e-05
2,9,7.473841677049609e-05,7.473841670977219e-05,7.473841722273977e-05,7.473841692365131e-05,7.473841704710445e-05,7.473841667173064e-05,7.473841707961991e-05,7.473841724982616e-05,7.473841779656013e-05,7.473841554565861e-05,7.473841667145945e-05,7.473841671993342e-05,7.473841718045362e-05,7.473841699413512e-05,7.473841704210929e-05,0.7523482662712697,7.473841684553297e-05,7.473841709941999e-05,0.2463064422240528,7.473841710743215e-05
2,10,4.803074032055934e-05,4.8030740546809265e-05,4.8030740741831066e-05,4.803074059037824e-05,4.80307406644813e-05,4.803074038581653e-05,4.8030740752232176e-05,4.803074050774845e-05,0.09906686457457804,4.803073967342991e-05,4.803074063954832e-05,4.803074068874663e-05,4.8030740513535466e-05,4.803074049953653e-05,4.803074054271417e-05,0.9000685820957941,4.803074038654105e-05,4.803074067287395e-05,4.803074082759105e-05,4.803074067349803e-05
2,11,6.203474001032493e-05,6.20347404813826e-05,0.38950654322450357,6.20347408075192e-05,6.203474078970633e-05,6.203474090005745e-05,6.20347410507485e-05,6.20347405740988e-05,6.20347410319786e-05,6.20347394541635e-05,6.203474075484902e-05,6.203474074859522e-05,6.203474061095049e-05,6.203474076375945e-05,6.203474058570354e-05,0.4425927601369767,6.203474058362105e-05,6.20347407565989e-05,0.1668461060478738,6.203474074170414e-05
2,12,5.175983502447507e-05,5.1759835300770206e-05,0.7865774902493272,5.1759835431003806e-05,5.175983545729398e-05,5.175983516053201e-05,5.1759835423631766e-05,5.1759835450002924e-05,0.06234274501309205,5.175983436857867e-05,5.175983518103958e-05,5.1759835338903006e-05,5.1759835404428547e-05,0.083611238751291,5.175983538035351e-05,5.175983565967805e-05,5.1759835189623214e-05,5.1759835503277095e-05,0.06664036862141254,5.1759835603610045e-05
2,13,5.336179343606482e-05,5.3361793920322604e-05,0.4098967130787985,5.336179394654025e-05,5.336179411782424e-05,5.336179372482383e-05,5.336179412865198e-05,5.336179376173527e-05,0.5205398487344978,5.3361792956289924e-05,5.336179383014078e-05,5.336179392159798e-05,5.336179399588846e-05,5.33617942549685e-05,5.336179395660852e-05,5.336179425116622e-05,5.336179380781634e-05,5.3361794143835374e-05,0.06865628769034894,5.336179420063683e-05
2,14,7.96178351899286e-05,7.961783563228615e-05,7.96178360615938e-05,7.96178360733724e-05,7.961783597450617e-05,7.961783552342967e-05,0.9269558504135255,7.961783556929074e-05,0.07161102854209353,7.961783439493756e-05,7.961783536373052e-05,7.961783639372008e-05,7.961783566098853e-05,7.961783597593959e-05,7.961783599292035e-05,7.961783627480153e-05,7.961783586493599e-05,7.961783599763773e-05,7.961783631058283e-05,7.961783612622228e-05
2,15,4.882812578462556e-05,4.88281261508698e-05,0.1708311842247799,4.882812608002027e-05,4.882812606699115e-05,4.8828125667995806e-05,0.2864277805924654,4.882812604207081e-05,0.07020180022459425,4.88281250000548e-05,4.882812565093773e-05,4.8828126082591674e-05,4.8828125995180625e-05,4.8828126036013055e-05,4.882812613498082e-05,4.882812626075561e-05,4.882812604617004e-05,0.3907182631476809,0.0810885499212955,4.8828126184794703e-05
2,16,6.544502692978054e-05,6.544502733635868e-05,0.3551767704519667,6.544502744179576e-05,6.544502736461968e-05,6.544502741357531e-05,6.54450277276337e-05,6.544502760339068e-05,6.54450277396087e-05,6.544502617807286e-05,6.544502713990856e-05,6.544502776053426e-05,6.544502719806477e-05,6.544502763391753e-05,6.544502769619661e-05,6.544502775474069e-05,6.544502727432941e-05,0.030309212953123787,0.613401451129249,6.544502746799563e-05
2,17,5.624297021531581e-05,5.6242970608516473e-05,5.6242970972330365e-05,5.624297062964282e-05,5.624297102446399e-05,5.624297033321059e-05,5.6242970961362786e-05,5.624297066705367e-05,5.624297080167908e-05,5.624296962883212e-05,5.624297040936338e-05,5.6242970465155923e-05,5.624297070500055e-05,5.6242970896302416e-05,5.624297076743258e-05,5.624297142903139e-05,5.624297056178937e-05,5.6242970876681575e-05,0.9989313835573235,5.6242970723507444e-05
2,18,0.00010204081716000608,0.00010204081778440766,0.00010204081826956786,0.00010204081811119911,0.00010204081799789528,0.7970738247405883,0.00010204081868308852,0.00010204081787758898,0.00010204081832107428,0.00010204081632655685,0.00010204081765507186,0.00010204081809004616,0.00010204081769521244,0.00010204081791625029,0.00010204081801692745,0.00010204081823478633,0.00010204081762578788,0.00010204081809112721,0.20108944053747319,0.00010204081808197975
2,19,5.102040863408076e-05,5.1020408852042414e-05,5.102040925299433e-05,5.102040903832996e-05,5.1020409028604657e-05,5.102040878743249e-05,0.20925341324243724,5.102040897356329e-05,5.1020409250037995e-05,5.102040816328562e-05,5.1020408855988646e-05,5.102040899205505e-05,5.1020408991829745e-05,5.102040905137021e-05,5.102040908135167e-05,5.1020409205909496e-05,5.1020408958906205e-05,5.102040913956891e-05,5.1020409281365034e-05,0.789828219396024
2,20,7.704160333196274e-05,7.704160399680053e-05,0.20426756333564905,7.704160414031789e-05,7.704160417668454e-05,7.704160451374236e-05,0.07116076623323928,7.704160380670159e-05,7.704160409313455e-05,7.704160246541243e-05,7.704160370189826e-05,7.704160377211046e-05,7.704160430763544e-05,7.704160397479185e-05,7.704160411859167e-05,0.37745635715082615,7.704160389390298e-05,7.704160442329906e-05,0.34588264761718424,7.704160438441198e-05
2,21,6.738544523194866e-05,6.73854458782143e-05,0.1724557827463628,6.738544620485869e-05,6.738544621963712e-05,6.73854459730466e-05,6.738544591146784e-05,6.738544544867463e-05,6.738544622511303e-05,6.738544474401021e-05,6.738544576481889e-05,6.73854460253301e-05,6.7385446238288e-05,6.738544636938588e-05,6.738544602844539e-05,0.2754087568722752,6.738544574418771e-05,0.09466701617009961,0.45639027707739566,6.738544585938426e-05
2,22,6.46830543009447e-05,6.468305477220185e-05,6.468305461878975e-05,6.468305445320254e-05,6.468305448856186e-05,6.468305451988636e-05,0.01337554338112346,6.468305428185926e-05,6.468305451201765e-05,6.468305304016908e-05,6.468305408562201e-05,6.468305457870884e-05,6.468305404758546e-05,6.468305416858549e-05,6.468305439810901e-05,0.7699072308854166,6.468305396109536e-05,6.468305446770952e-05,0.21561761381037853,6.468305438661841e-05
2,23,3.748126043216052e-05,3.74812600494699e-05,3.7481260170222296e-05,3.7481260096051e-05,3.748126008203361e-05,3.7481259793544956e-05,3.7481260021987485e-05,3.748126002436645e-05,3.748126012666853e-05,3.748125937033876e-05,3.748125983082427e-05,3.748126003728376e-05,3.7481260001366054e-05,3.748126006450233e-05,3.748126024595451e-05,0.10206803985177781,3.7481259965793225e-05,3.74812601305718e-05,0.8972572974676029,3.7481260176159075e-05
2,24,4.807692371409157e-05,4.807692424469368e-05,4.807692422209108e-05,4.8076924071569276e-05,4.8076924078227436e-05,4.8076923746239886e-05,4.8076923953661314e-05,4.807692360560324e-05,4.8076924467594e-05,4.807692307696471e-05,4.807692440659632e-05,4.807692392408448e-05,4.8076924034138903e-05,4.807692394758525e-05,4.807692400520069e-05,0.20756075417101724,4.807692380047791e-05,4.8076924079477114e-05,0.7915738611977223,4.807692388222805e-05
2,25,7.374631339124418e-05,0.9413911402588117,7.374631448289561e-05,7.374631423998388e-05,7.374631437463614e-05,7.374631352303473e-05,7.374631439225177e-05,7.37463138168274e-05,7.37463141589729e-05,7.374631268439623e-05,7.374631366409721e-05,7.37463138015465e-05,7.374631422395101e-05,7.374631406812575e-05,7.374631428861336e-05,0.05728142608903411,7.374631427445086e-05,7.374631432609779e-05,7.374631445944288e-05,7.374631398387051e-05
2,26,4.562043896302581e-05,4.562043913247777e-05,0.18412973305388397,4.5620438915804e-05,4.562043898619745e-05,4.5620438402726604e-05,4.5620438785903005e-05,4.562043849731181e-05,4.5620438941068375e-05,4.562043795624884e-05,4.5620438480077266e-05,4.562043873609151e-05,4.5620438674637326e-05,4.562043889686913e-05,4.562043898135279e-05,4.562043900523465e-05,4.56204386432058e-05,4.5620438977639456e-05,0.8150490990484853,4.562043865470697e-05
2,27,0.00013440860367998708,0.49913165457146375,0.00013440860464772276,0.00013440860436655247,0.00013440860454543423,0.0001344086039315802,0.00013440860492234383,0.0001344086050906355,0.4984489905480294,0.00013440860215062348,0.00013440860376110017,0.0001344086045184672,0.00013440860442404738,0.0001344086048521166,0.00013440860467062895,0.00013440860494396168,0.00013440860477851568,0.0001344086045512885,0.00013440860578256246,0.00013440860488947423
2,28,7.704160331906933e-05,7.70416038111106e-05,7.704160442404378e-05,7.704160387067029e-05,7.704160414915752e-05,7.704160387088466e-05,7.704160424139757e-05,7.704160471780323e-05,0.13512457010145942,7.704160246540501e-05,7.704160385844365e-05,7.704160376764517e-05,7.70416039777852e-05,7.704160450381935e-05,7.704160396916447e-05,0.7263466032467396,7.70416040739195e-05,7.704160422388898e-05,0.13721911938436215,7.704160419441781e-05
2,29,7.84929365089903e-05,7.849293759125388e-05,7.84929375830278e-05,7.849293729839212e-05,7.849293700628371e-05,7.849293662261902e-05,7.849293719538822e-05,7.849293656857044e-05,7.849293731465869e-05,7.849293563585821e-05,7.84929364773906e-05,7.849293680577248e-05,7.849293704248745e-05,0.12353872657296033,7.849293749858968e-05,0.8394755894868616,7.849293680038793e-05,7.84929375161689e-05,0.03565130401182517,7.849293688718355e-05
2,30,6.501950770747726e-05,6.501950692038945e-05,0.19926700989022836,6.501950708770216e-05,6.501950730484006e-05,6.501950682240236e-05,6.501950712355339e-05,6.501950724891867e-05,0.2874140969489744,6.501950585182204e-05,6.501950689323669e-05,6.501950713430697e-05,6.501950692567961e-05,0.16498745804078277,6.501950727798268e-05,0.22441524995533685,6.501950707782139e-05,6.50195074950023e-05,0.12294089255885829,6.501950694839542e-05
2,31,4.042037257955511e-05,4.042037253232254e-05,4.0420372790387836e-05,4.0420372696131555e-05,4.042037268759568e-05,4.0420372377372186e-05,4.0420372772629465e-05,4.042037261088406e-05,4.042037276923568e-05,4.042037186744455e-05,4.042037237016302e-05,4.04203726382442e-05,4.042037258867836e-05,0.9547916242838013,4.042037268709487e-05,4.042037277278083e-05,4.042037258503976e-05,4.042037270229308e-05,0.04448080900948745,4.0420372683520176e-05
2,32,5.7937428268193286e-05,5.7937428545616424e-05,5.7937428777655096e-05,5.7937428652304845e-05,5.793742868296221e-05,5.7937428163431126e-05,5.7937428662612104e-05,5.793742853637163e-05,0.07214276454653858,5.7937427578264344e-05,5.7937428408707724e-05,5.793742858190185e-05,5.7937428538650906e-05,0.3014064792024759,5.793742901601696e-05,5.7937429026285226e-05,5.7937428913363706e-05,5.7937428859833155e-05,0.485105704152472,0.1404180532413014
2,33,3.933910356290092e-05,3.933910365379836e-05,3.9339103979635805e-05,3.9339103904909556e-05,3.9339103748751524e-05,3.9339103797896694e-05,3.9339103811769264e-05,3.933910373326139e-05,0.9992525570263165,3.933910306847591e-05,3.933910353828066e-05,3.9339103809455705e-05,3.933910366967417e-05,3.933910396339663e-05,3.933910391856972e-05,3.933910398530233e-05,3.933910384357292e-05,3.933910391768654e-05,3.9339105855032914e-05,3.933910392096754e-05
2,34,9.107468285965678e-05,9.107468277518325e-05,0.16401328050978978,9.107468306421617e-05,9.107468315239051e-05,9.107468308346227e-05,9.107468342421738e-05,9.107468308091874e-05,0.33956224055702766,9.10746812386897e-05,9.107468232226592e-05,9.107468326655613e-05,9.107468279651994e-05,9.107468331180884e-05,9.107468323460239e-05,9.107468347484335e-05,9.107468312951205e-05,9.107468346553359e-05,0.3819056294684189,0.11306165453708311
2,35,7.692307776858778e-05,7.692307845009987e-05,7.69230788395732e-05,7.692307861292926e-05,7.692307874827958e-05,7.692307864310251e-05,7.692307815410962e-05,7.692307793330371e-05,7.692307862318706e-05,7.69230769231206e-05,7.692307786868305e-05,7.692307839837818e-05,7.692307796459311e-05,7.69230783169727e-05,7.692307850557384e-05,7.692307849994581e-05,7.69230779351399e-05,7.692307862465194e-05,0.9985384615130803,7.692307810936472e-05
2,36,3.7230083799780735e-05,3.723008268161051e-05,0.3086706595704372,3.723008266318628e-05,3.723008270603734e-05,3.723008271950272e-05,3.72300826281951e-05,3.7230082617685114e-05,0.024643416433888943,3.723008190621815e-05,3.723008252935134e-05,0.013732068910077076,3.7230082592550225e-05,0.11655702344867366,3.723008275985501e-05,3.723008284727241e-05,3.7230082813863095e-05,3.7230082773573085e-05,0.45374251203692445,0.08213309844195985
3,1,7.530120577155502e-05,7.530120638481481e-05,0.7961325053813176,7.530120616028419e-05,7.530120645712642e-05,7.530120582777101e-05,7.530120602311517e-05,7.530120612767927e-05,7.530120669698272e-05,7.530120481935248e-05,7.53012061385024e-05,7.530120686098135e-05,7.53012062718345e-05,7.530120640720569e-05,7.530120628270067e-05,7.530120654312793e-05,7.530120611531072e-05,7.530120634395866e-05,0.1842719308563971,0.01831544325705289
3,2,0.00011286681801503997,0.9978555304289499,0.00011286682470023987,0.00011286681956714649,0.00011286681970309414,0.00011286681922528333,0.00011286681914128112,0.00011286681943726121,0.00011286681956963491,0.00011286681715579277,0.00011286681978395247,0.00011286681921166914,0.00011286681921004352,0.00011286681932561313,0.00011286681928025486,0.00011286681976149122,0.00011286681960705094,0.00011286681967530274,0.00011286681963638407,0.00011286681904359156
3,3,0.00010266940677721593,0.00010266940667735614,0.6444862960234315,0.00010266940663895222,0.04295077858464077,0.0001026694063335805,0.00010266940668838116,0.00010266940648277493,0.00010266940660776505,0.00010266940451753231,0.00010266940627455953,0.31045709380071645,0.00010266940682997788,0.00010266940634286345,0.00010266940696429304,0.00010266940689470513,0.00010266940600011034,0.0004631210888322328,0.00010266940615502983,0.00010266940619373045
3,4,0.00011111111206886053,0.00011111111300826792,0.00011111111340163797,0.0001111111129467683,0.9978888888562507,0.00011111111237945439,0.00011111111283506455,0.00011111111299390526,0.00011111111313719089,0.00011111111111115568,0.00011111111263531216,0.00011111111302934482,0.00011111111291579554,0.00011111111296934941,0.00011111111292914473,0.00011111111339713524,0.00011111111245707161,0.00011111111321080317,0.00011111111336833089,0.00011111111295472096
3,5,8.91265607447983e-05,8.912656099738216e-05,8.912656192440757e-05,8.912656134970149e-05,8.912656145828395e-05,8.912656098324064e-05,8.912656107228344e-05,8.912656088520932e-05,8.912656133257321e-05,8.912655971482379e-05,8.912656078376326e-05,8.912656110293725e-05,0.9983065953390693,8.912656135975543e-05,8.912656124146273e-05,8.9126561477956e-05,8.912656078504869e-05,8.912656148040587e-05,8.91265612265804e-05,8.912656100999502e-05
3,6,0.00013550135732230648,0.0001355013568971724,0.00013550135753689107,0.0001355013571535968,0.00013550135703210178,0.00013550135637037524,0.0001355013571769642,0.00013550135657680124,0.00013550135723446667,0.0001355013550135887,0.0001355013569156023,0.0001355013573284135,0.9974254742178181,0.0001355013569394544,0.00013550135733351968,0.00013550135722578238,0.00013550135659329794,0.00013550135740861814,0.00013550135732327741,0.000135501356799567
3,7,0.033659904194816084,0.060036737284238556,0.7969573731283155,6.134969449487957e-05,6.134969441442483e-05,6.134969415674172e-05,6.134969472424396e-05,6.134969419020057e-05,6.134969447713853e-05,6.134969325159544e-05,6.13496941704319e-05,0.10836439028313725,6.13496945676824e-05,6.134969447597975e-05,6.134969466038481e-05,6.134969452799094e-05,6.134969414615473e-05,6.134969461081514e-05,6.134969452097893e-05,6.13496941031049e-05
3,8,0.021031488854189945,0.940327076230318,5.274261716790509e-05,5.274261704142362e-05,5.2742616942575136e-05,5.274261659391753e-05,5.274261691063659e-05,5.274261680514859e-05,5.274261708265343e-05,5.2742616033782374e-05,5.2742616590814706e-05,5.274261698822382e-05,5.274261684625946e-05,5.27426171273093e-05,5.274261726827977e-05,0.03774481042808538,5.2742616788710476e-05,5.274261718281783e-05,5.274261712353217e-05,5.2742616912763e-05
3,9,4.464285801564814e-05,4.46428581412695e-05,0.011536646671319645,4.464285806533183e-05,4.464285801320039e-05,4.464285792125016e-05,4.464285820652985e-05,4.464285786699267e-05,4.464285809252878e-05,4.464285714289275e-05,4.464285758616224e-05,0.6160912108972363,4.46428582191596e-05,4.4642858036037075e-05,4.4642858141933764e-05,0.2119815816642844,4.4642857896141134e-05,4.464285812885021e-05,0.15967627503963405,4.464285805169153e-05
3,10,9.803921707311724e-05,9.803921798037906e-05,0.9140095971768359,9.803921767443309e-05,0.01568253916801087,9.803921762375922e-05,9.803921760533077e-05,9.803921714686722e-05,9.803921733608347e-05,9.803921568639877e-05,9.803921771319117e-05,0.058117921971438946,9.803921777905525e-05,9.803921719323867e-05,9.803921811739113e-05,0.010621314204560365,9.8039216899788e-05,9.803921805436058e-05,9.803921827235958e-05,9.803921699832767e-05
3,11,9.541984908491483e-05,9.54198487509212e-05,0.32623652357483096,9.541984932891484e-05,9.541984927750031e-05,0.6720459191425304,9.54198490587091e-05,9.541984878529165e-05,9.541984932346681e-05,9.541984732827383e-05,9.541984870296994e-05,9.541984902106203e-05,9.541984932608441e-05,9.541984930614705e-05,9.541984940176553e-05,9.541984957654028e-05,9.54198490713674e-05,9.541984949255322e-05,9.541984909021367e-05,9.541984871199406e-05
3,12,5.2854123627128844e-05,5.285412344854603e-05,5.28541238498609e-05,5.2854123630798896e-05,5.2854123470713104e-05,5.2854123400908184e-05,5.285412361788525e-05,5.2854123259292596e-05,5.285412360263645e-05,5.285412262159302e-05,5.285412325922829e-05,5.285412376563794e-05,5.285412358238864e-05,0.9989957716531314,5.2854123690373955e-05,5.285412368136027e-05,5.285412347819869e-05,5.2854124075619054e-05,5.285412350529888e-05,5.285412330118883e-05
3,13,7.575757703961741e-05,7.575757708212869e-05,7.575757859401504e-05,7.575757761814315e-05,7.575757744957394e-05,7.575757684140892e-05,7.575757711212737e-05,7.57575770460372e-05,7.575757739861136e-05,7.575757575763645e-05,7.575757692015179e-05,7.575757750458689e-05,7.575757730088154e-05,7.575757721869277e-05,7.575757755203072e-05,7.575757747797279e-05,7.575757698583304e-05,0.9985606060325588,7.575757762136247e-05,7.57575769204022e-05
3,14,6.510416796888186e-05,6.510416780704249e-05,0.19265053262284557,6.510416823034886e-05,6.510416825381907e-05,6.510416764679318e-05,6.510416814239532e-05,6.510416756204369e-05,6.510416807032103e-05,6.510416666672834e-05,6.510416780050357e-05,6.510416800426025e-05,6.510416783886702e-05,6.510416792127692e-05,6.510416807740078e-05,6.510416819562279e-05,6.510416771847712e-05,0.5834926984324096,0.222749998091012,6.510416782808661e-05
3,15,6.097561057053987e-05,6.097561083532545e-05,6.097561118063077e-05,6.0975610856087465e-05,6.097561069555447e-05,6.097561058068012e-05,6.097561091923793e-05,6.097561070398511e-05,6.097561115914478e-05,6.097560975614927e-05,6.0975610683519004e-05,6.0975611194118264e-05,6.097561071560971e-05,0.07999102135202521,6.097561113134551e-05,6.0975611087612666e-05,6.09756108261027e-05,0.9189114176529901,6.097561107019892e-05,6.097561101881378e-05
3,16,5.0000000429800505e-05,5.0000001433803755e-05,0.2473154604916144,5.0000001114591264e-05,5.000000105121e-05,5.000000092720137e-05,5.000000115786193e-05,5.000000059312514e-05,5.000000110078047e-05,5.000000000005326e-05,5.000000082845922e-05,5.0000001087100186e-05,5.00000009885036e-05,0.3485859371696907,0.20745404214540303,5.0000001268792074e-05,5.000000090989987e-05,0.1958445601780766,5.0000001232230845e-05,5.000000109178217e-05
3,17,8.278145821969508e-05,8.27814584234417e-05,0.7327751523167741,8.278145866917116e-05,8.278145844676583e-05,8.27814580027346e-05,8.278145876455525e-05,8.27814581083991e-05,8.278145898783486e-05,8.278145695372725e-05,8.278145790125383e-05,8.278145885634964e-05,8.278145800630146e-05,0.109263003422628,8.278145882128197e-05,0.15655455946803953,8.278145867403988e-05,8.278145894371275e-05,8.278145853620264e-05,8.278145824271587e-05
3,18,4.752851793015967e-05,4.7528518436599555e-05,0.2747372624206746,4.7528518235382304e-05,4.752851807597462e-05,4.752851796373664e-05,4.752851822595579e-05,4.752851789759344e-05,0.39638458767399354,4.7528517110310006e-05,4.752851774123903e-05,4.7528517770108245e-05,4.752851792823323e-05,4.752851813855248e-05,0.0032492258756577,4.7528518261286164e-05,4.752851791661526e-05,0.3248684677418647,4.752851822779261e-05,4.752851794993732e-05
3,19,5.482456219908517e-05,5.4824562417986595e-05,0.8176796899782015,5.482456250983981e-05,5.482456231359359e-05,5.482456215902437e-05,5.4824563005008556e-05,5.482456230583441e-05,5.482456268073469e-05,5.482456140355876e-05,5.4824562143780935e-05,5.482456251596094e-05,5.4824562444896954e-05,0.008445053510542333,0.1729432389496957,5.4824562716571604e-05,5.482456261349533e-05,5.4824562782700645e-05,5.4824562852340144e-05,5.482456249601596e-05
3,20,0.028971248793187597,4.604051680269992e-05,0.6087148649345646,4.604051668008396e-05,4.604051669621416e-05,4.6040516040677176e-05,0.10662858371810152,4.604051643913322e-05,4.6040516732549476e-05,4.6040515653817077e-05,4.604051623417174e-05,4.6040516548853e-05,4.6040516636327204e-05,4.604051675292903e-05,0.09444300713183401,4.604051676427541e-05,4.604051661709976e-05,0.031241856114773908,0.12935587207637902,4.6040516560595134e-05
3,21,5.518763854966858e-05,5.518763901310382e-05,5.518763933191487e-05,5.518763906071482e-05,5.518763919468268e-05,5.518763864819213e-05,5.5187639249108094e-05,5.518763857051264e-05,5.518763908108363e-05,5.518763796915771e-05,5.518763872571655e-05,5.518763948196114e-05,5.5187639062323715e-05,5.5187639333193285e-05,0.01911053214854459,0.6235609661499765,5.5187639201267476e-05,0.35639031183934944,5.518763897229102e-05,5.518763868460988e-05
3,22,7.451564900100988e-05,7.451564957067759e-05,7.45156499369631e-05,7.451564992796812e-05,7.45156494742575e-05,7.451564938168167e-05,7.451564964732799e-05,7.451564943283241e-05,7.451564954202122e-05,7.45156482861859e-05,7.451564903068762e-05,7.451564904819858e-05,7.451564953948664e-05,7.451564970039659e-05,0.998584202659587,7.451564979177609e-05,7.451564908905312e-05,7.451565084057237e-05,7.451564959103064e-05,7.45156495807179e-05
3,23,3.984063798976456e-05,3.9840638151879076e-05,0.38097472734656995,3.984063834281641e-05,3.9840638201305535e-05,3.984063804652564e-05,3.984063818866628e-05,3.9840638020115586e-05,3.984063837174338e-05,3.9840637450239124e-05,3.984063785965255e-05,3.984063817860465e-05,3.9840638097262425e-05,0.09235724631458526,0.1436498401053104,0.38238073602379125,3.984063813103256e-05,3.984063841999569e-05,3.9840638149789594e-05,3.984063814379038e-05
3,24,5.096840003165433e-05,5.096840069507868e-05,0.6598512261636551,5.096840073332808e-05,5.09684005122445e-05,5.0968400361075303e-05,5.096840073150449e-05,5.09684003149488e-05,5.096840061285977e-05,5.096839959230751e-05,5.0968400283242544e-05,5.096840034340751e-05,5.096840045344456e-05,5.0968400621881817e-05,0.06930610072236382,0.26196273962995736,5.09684006712163e-05,0.008064439076504592,5.0968400713780134e-05,5.096840084705046e-05
3,25,5.549389606248564e-05,5.5493896440925335e-05,0.8736568678521127,5.549389664978138e-05,5.549389660991191e-05,5.5493896191805234e-05,5.549389663496656e-05,5.549389645961726e-05,0.1253442420089484,5.549389567152144e-05,5.549389637267359e-05,5.549389707185993e-05,5.5493896470712285e-05,5.549389699802199e-05,5.549389699311478e-05,5.549389704528233e-05,5.54938966894175e-05,5.5493896975995404e-05,5.549389677178803e-05,5.54938968288437e-05
3,26,3.828484005622363e-05,3.828483996222067e-05,0.1672174557163921,3.828484004664514e-05,3.828483993330676e-05,3.828483968568585e-05,3.828484007339271e-05,3.828483976490566e-05,0.6394705667903554,3.8284839203713026e-05,3.828483954869956e-05,3.8284839896682315e-05,3.828483986328925e-05,3.828484005576773e-05,0.10915987716020832,0.08353954289513725,3.828483983786786e-05,3.828484016699904e-05,3.828483997047421e-05,3.8284839841052213e-05
3,27,4.570383977901885e-05,4.570383998360766e-05,0.5223719979909028,4.570384007424966e-05,4.570384009077968e-05,4.5703839858427025e-05,4.570384023297921e-05,0.16845399370414274,0.011790089590110407,4.5703839122522856e-05,4.570383965492952e-05,0.004697505931514315,4.57038398629496e-05,4.570383997485663e-05,4.5703840152817284e-05,4.570384028947548e-05,4.570384032778803e-05,0.29200085518373997,4.5703840192062976e-05,4.5703839993254254e-05
3,28,4.2918455498446e-05,4.2918455800898155e-05,0.21695363375762997,4.2918455774607784e-05,4.291845588335319e-05,4.29184555144163e-05,4.291845602504825e-05,4.29184560773376e-05,4.291845600230687e-05,4.291845493565955e-05,4.291845567436897e-05,4.291845610422815e-05,4.291845579586361e-05,4.291845593586828e-05,0.6437520798943108,4.2918456004196146e-05,4.291845589604423e-05,0.13856467259956556,4.2918455891967255e-05,4.29184556791205e-05
3,29,7.374631381730036e-05,7.374631390803975e-05,0.47542241150042996,7.374631417494204e-05,7.37463140097526e-05,7.374631378940757e-05,7.374631461623902e-05,7.374631424537971e-05,7.374631443165574e-05,7.374631268443944e-05,7.374631371033911e-05,7.374631471433388e-05,7.374631379372059e-05,7.374631412813593e-05,7.37463144688169e-05,0.23534817687496273,7.374631441213699e-05,0.287975724284817,7.374631471426632e-05,7.3746314171414e-05
3,30,4.9115914971440607e-05,4.9115914502753526e-05,4.9115914634678765e-05,4.911591456480224e-05,4.911591447933203e-05,4.911591405311312e-05,4.911591432284227e-05,4.9115914288401823e-05,0.9990667976270157,4.9115913556018126e-05,4.9115914050505966e-05,4.911591442217792e-05,4.91159141309998e-05,4.911591444555584e-05,4.911591448040914e-05,4.911591459989074e-05,4.911591419501368e-05,4.911591461490546e-05,4.911591443278175e-05,4.91159142389225e-05
3,31,3.9123631252569176e-05,3.912363125049482e-05,3.91236314051007e-05,3.912363133732689e-05,3.912363130093698e-05,3.912363106811161e-05,0.9992566510053982,3.9123631182873265e-05,3.912363133269859e-05,3.9123630672939326e-05,3.912363104795986e-05,3.9123631272157294e-05,3.9123631157507854e-05,3.9123631390107974e-05,3.912363139386154e-05,3.912363138099481e-05,3.912363122939192e-05,3.912363147206749e-05,3.9123632239397796e-05,3.912363121532548e-05
3,32,0.00012755102182457248,0.00012755102232497713,0.00012755102287810544,0.00012755102277866003,0.00012755102230469805,0.00012755102153064966,0.00012755102318150486,0.0001275510236149353,0.05964219565834111,0.00012755102040830563,0.00012755102155197667,0.0001275510229443709,0.00012755102214007493,0.0001275510232929893,0.09857981199666334,0.00012755102320357418,0.00012755102219603152,0.00012755102302036664,0.8396096249623172,0.00012755102348270726
3,33,8.576329490939114e-05,8.576329473262594e-05,0.004419482679398323,8.576329465147853e-05,8.576329464663811e-05,8.576329454721249e-05,8.576329488035989e-05,8.576329449297849e-05,8.576329510312668e-05,8.576329331053669e-05,8.5763294180616e-05,0.6679660817075367,8.576329408369099e-05,8.576329503098784e-05,8.576329482249092e-05,8.576329493286979e-05,8.576329439426576e-05,8.576329488563643e-05,0.32615645960448225,8.576329497797309e-05
3,34,0.00010989011089015084,0.00010989011109877687,0.00010989011149179372,0.00010989011123658256,0.00010989011130280408,0.00010989011068450538,0.00010989011159990065,0.00010989011130232262,0.00010989011175081267,0.00010989010989014911,0.00010989011099234527,0.00010989011180553753,0.00010989011124180447,0.00010989011165130515,0.00010989011145023869,0.00010989011169585461,0.00010989011146897853,0.0001098901115070395,0.9979120878853635,0.00010989011157569494
3,35,5.4347826660094097e-05,5.4347826802479264e-05,5.434782715898914e-05,5.434782704782851e-05,5.434782709328317e-05,5.434782669987123e-05,5.434782697011013e-05,5.434782669633934e-05,5.434782724974805e-05,5.4347826086971994e-05,5.434782682243347e-05,0.9989673912882765,5.4347826839990755e-05,5.434782708753831e-05,5.4347827081377825e-05,5.434782716300039e-05,5.4347827146194616e-05,5.4347827162124304e-05,5.434782710318661e-05,5.434782685191415e-05
3,36,5.6689343044454434e-05,5.668934330551487e-05,0.3290109768000075,5.668934371436295e-05,5.668934387157925e-05,5.668934334880263e-05,5.66893439472996e-05,5.668934318769986e-05,0.23954189128332137,5.6689342403678645e-05,5.6689343290100786e-05,5.6689343848699526e-05,5.6689343367029944e-05,5.668934364868841e-05,5.668934353165445e-05,0.32513552443541693,5.6689343826537634e-05,5.668934367656853e-05,0.10540457798585028,5.6689343391045286e-05
3,37,7.052186278256117e-05,7.052186311643885e-05,0.998660084601702,7.052186322275213e-05,7.052186313653368e-05,7.0521863215787e-05,7.052186353849635e-05,7.052186278025582e-05,7.052186329381413e-05,7.052186177721469e-05,7.052186250232828e-05,7.052186319460261e-05,7.052186304777552e-05,7.0521863365102e-05,7.052186337646789e-05,7.052186339617782e-05,7.052186300133874e-05,7.052186337575237e-05,7.052186327967034e-05,7.052186289474562e-05
4,1,5.359056857058739e-05,5.359056874378415e-05,5.359056888939398e-05,5.359056878123536e-05,5.359056884713306e-05,5.35905685489563e-05,5.359056888301091e-05,0.9989817791935948,5.35905689507579e-05,5.3590568060033054e-05,5.359056864835197e-05,5.35905687142575e-05,5.359056865931301e-05,5.359056880506267e-05,5.359056879830731e-05,5.359056893415172e-05,5.3590568813481844e-05,5.3590568858699214e-05,5.359056904107858e-05,5.3590568857463366e-05
4,2,5.446623252038033e-05,5.446623186886175e-05,0.08076318022820703,5.446623209214183e-05,5.446623238014337e-05,5.446623183759096e-05,5.4466232321988256e-05,0.01629443341817043,0.5153900899451695,5.446623093687242e-05,5.4466232168451134e-05,5.446623200181817e-05,5.446623225502691e-05,5.446623200731648e-05,5.4466232133285484e-05,0.1985119502255239,5.4466231992180833e-05,0.1882233527021668,5.4466232196837966e-05,5.44662320494758e-05
4,3,5.714285844060499e-05,5.714285826302292e-05,0.21227789160974803,5.714285834354708e-05,5.7142858626260474e-05,5.7142858028440645e-05,5.714285824528969e-05,5.7142858677488085e-05,0.35352155103897626,5.7142857142908967e-05,5.71428585526955e-05,5.714285834762973e-05,0.12094313238445546,5.714285843508977e-05,5.714285825453581e-05,0.3123431392342418,5.714285807175938e-05,5.7142858511172535e-05,5.7142858449860164e-05,5.7142858188423905e-05
4,4,5.7803468781745574e-05,5.780346905720172e-05,0.5245912311895804,5.780346933198376e-05,5.780346940354858e-05,5.780346899356819e-05,5.780346932127714e-05,5.780346986429859e-05,5.780346946102338e-05,5.78034682081441e-05,5.780346924000931e-05,5.780346915336777e-05,5.7803469376491696e-05,5.7803469436120105e-05,5.780346935983635e-05,0.4743683063640432,5.7803469218978764e-05,5.7803469562655206e-05,5.780346941795256e-05,5.7803469188241084e-05
4,5,6.195786956433981e-05,6.19578701587041e-05,0.9239939871936307,6.195786989922014e-05,6.195786990503263e-05,6.195786942063816e-05,6.195786967872293e-05,6.195787021317522e-05,6.195787010565355e-05,6.195786864938081e-05,6.195786959569728e-05,6.195786991989846e-05,0.009062325882866906,0.06585343854963303,6.195786974961216e-05,9.892245735176952e-05,6.195786972018957e-05,6.195787010916564e-05,6.195787008005021e-05,6.195786974820057e-05
4,6,4.752851743404861e-05,4.752851787967251e-05,4.752851829789296e-05,4.752851808116975e-05,4.752851821597845e-05,4.7528517767072716e-05,4.75285179431963e-05,4.752851799927979e-05,4.7528518043858444e-05,4.752851711030429e-05,4.7528518021443276e-05,4.752851810798579e-05,4.752851802598146e-05,4.7528517956908574e-05,4.752851797712918e-05,0.9990969581591834,4.752851783667228e-05,4.7528518150895186e-05,4.752851818497144e-05,4.752851778191301e-05
4,7,6.195786964179411e-05,6.195786998365656e-05,0.9988228004736136,6.195786962567112e-05,6.195786972068004e-05,6.195786943916346e-05,6.195786954462172e-05,6.19578701344344e-05,6.195787023285366e-05,6.195786864937662e-05,6.195786940057163e-05,6.195786962297217e-05,6.195787000324218e-05,6.195787019465015e-05,6.195786970483218e-05,6.195787007783049e-05,6.195786944506021e-05,6.195786993031861e-05,6.19578700376551e-05,6.195787099688774e-05
4,8,7.57575764688255e-05,7.575757698529524e-05,0.2620560702205472,7.575757747623698e-05,7.575757762161829e-05,7.575757660757831e-05,7.575757685975201e-05,7.575757732788802e-05,0.4270210550269812,7.575757575764391e-05,7.575757747380562e-05,7.575757714664107e-05,7.575757680569986e-05,0.3096349959413667,7.575757707761188e-05,7.575757758633328e-05,7.575757782922352e-05,7.575757772390058e-05,7.575757729402732e-05,7.5757577062862e-05
4,9,4.1528239854173537e-05,4.15282398235247e-05,0.6678068839422425,4.152824005214203e-05,4.152824006790518e-05,4.1528240010751073e-05,4.152823999862069e-05,4.152823998289023e-05,4.15282401608312e-05,4.152823920269331e-05,4.15282398007423e-05,4.1528240023235235e-05,4.152824010198447e-05,4.152824004978596e-05,4.152824001090163e-05,0.3314456077384105,4.152823979469442e-05,4.1528240147344935e-05,4.152824013401674e-05,4.152824013079552e-05
4,10,5.494505573323184e-05,5.4945056034608326e-05,0.7093005708364379,5.494505616463982e-05,5.494505596278299e-05,5.494505622602213e-05,5.4945055895142054e-05,5.49450563241691e-05,5.494505612201e-05,5.4945054945113255e-05,5.494505586388772e-05,5.494505578712053e-05,5.494505594443185e-05,0.07601238540103471,0.03783795909421017,0.1759699637728842,5.494505593813294e-05,5.4945056266917066e-05,5.494505618402361e-05,5.494505604069113e-05
4,11,5.5309735547875106e-05,5.530973545486209e-05,5.5309735916175345e-05,5.530973603421108e-05,5.530973570248209e-05,5.5309735540082606e-05,5.530973554825561e-05,5.530973552674608e-05,5.530973567045557e-05,5.530973451332957e-05,5.530973543026852e-05,5.5309735610236294e-05,5.530973537442737e-05,0.6039422300466097,5.5309735931970354e-05,0.3950621947133742,5.530973526502384e-05,5.530973595616955e-05,5.530973559783312e-05,5.530973539559881e-05
4,12,3.977724783515478e-05,3.9777248029215705e-05,0.0551655409230394,3.9777248388658446e-05,3.977724817779798e-05,3.9777248265000926e-05,3.9777248215243277e-05,3.977724804803698e-05,3.9777248211184146e-05,3.977724741451132e-05,3.977724793050077e-05,3.97772480807471e-05,3.9777248171903e-05,3.9777248215689954e-05,3.977724821560189e-05,3.977724826743506e-05,3.977724787329552e-05,0.9441184686113167,3.977724828436864e-05,3.977724801977105e-05
4,13,3.9062500546771715e-05,3.906250067816169e-05,3.906250096717008e-05,0.980049180706009,3.906250077686985e-05,3.906250044914789e-05,3.906250084152226e-05,3.90625006822892e-05,3.9062500818502595e-05,3.906250000002208e-05,3.906250056831381e-05,3.9062500729928766e-05,3.9062500734077425e-05,3.9062500908713196e-05,3.906250090415242e-05,0.019247694281125338,3.906250063030579e-05,3.906250096879261e-05,3.9062500873811475e-05,3.9062500787221275e-05
4,14,0.005332310152764261,4.215851684517674e-05,0.34128554480356654,0.1262276494118544,4.215851677902278e-05,4.215851678411914e-05,4.215851709012822e-05,4.215851679389459e-05,4.2158516960572635e-05,4.215851602028033e-05,4.215851662678427e-05,4.215851696172509e-05,4.215851675615525e-05,4.215851693457809e-05,4.21585171106198e-05,0.11438904514504412,4.215851684796987e-05,0.4121330727344592,4.2158516879240674e-05,4.215851692110132e-05
4,15,5.235602158978154e-05,5.2356022087392494e-05,0.08745446271280051,0.10933585425034273,5.235602192899916e-05,5.235602195302545e-05,5.235602184760658e-05,5.2356022102159544e-05,5.235602210388544e-05,5.235602094246041e-05,5.2356021765617986e-05,5.235602167488141e-05,5.235602175575669e-05,5.235602201418547e-05,5.235602217012279e-05,5.235602209412627e-05,5.23560216577838e-05,0.8023196306653252,5.235602205555316e-05,5.2356021788199925e-05
4,16,6.127451066771604e-05,6.1274510745927e-05,0.18991662502175935,6.127451110481904e-05,6.127451094803593e-05,6.127451057112533e-05,6.127451088024427e-05,6.127451085609291e-05,6.127451129438256e-05,6.127450980396941e-05,6.127451053802272e-05,6.127451080907021e-05,6.127451072389106e-05,6.127451118806713e-05,6.127451099941192e-05,6.127451120309581e-05,6.127451078720166e-05,0.8089804337831152,6.127451112822077e-05,6.127451087616442e-05
4,17,4.990020042005504e-05,4.9900200298254e-05,4.990020314957618e-05,4.990020065149514e-05,4.990020056792815e-05,4.990020017884741e-05,4.990020031723439e-05,4.9900200186230866e-05,4.990020058803119e-05,4.990019960083265e-05,4.9900200237339364e-05,4.99002005276033e-05,4.990020033509812e-05,4.9900200694000786e-05,4.9900200639567135e-05,4.99002006640921e-05,4.990020061573127e-05,0.999051896189458,4.990020044084153e-05,4.9900200429264894e-05
4,18,4.7393365855782246e-05,4.739336581938407e-05,4.739336601128391e-05,4.739336605001707e-05,4.7393365843403476e-05,4.7393365708894095e-05,4.7393365767720574e-05,4.73933655658934e-05,4.739336594432972e-05,4.7393364928950135e-05,4.7393365564408516e-05,4.739336575433619e-05,4.7393365909491676e-05,4.739336594477547e-05,4.7393365999527484e-05,0.592195715995071,4.73933656240487e-05,0.40695120342095004,4.739336594412812e-05,4.739336574241934e-05
4,19,0.10193347904340928,5.440696543457112e-05,0.1478665846369921,5.440696539039113e-05,5.4406964999815584e-05,5.440696479154271e-05,5.44069651186304e-05,5.4406965054940956e-05,5.4406965326757136e-05,5.4406964091462805e-05,5.440696469988224e-05,5.4406965023462366e-05,5.440696491301173e-05,5.4406965586509764e-05,0.20252123808787928,0.38320579977562563,5.440696492132021e-05,0.16365679397988872,5.4406965492158886e-05,5.440696536048602e-05
4,20,4.5998160701817185e-05,4.599816072509608e-05,0.9901987458699383,4.599816112373714e-05,4.5998160759724884e-05,4.5998160528829334e-05,4.599816077228039e-05,4.5998160758962703e-05,4.5998160862402855e-05,4.599816007363494e-05,4.5998160433200744e-05,4.5998160726836695e-05,4.5998160766112685e-05,4.599816089024936e-05,0.008973287236370552,4.599816100973394e-05,4.5998160817009776e-05,4.599816105040794e-05,4.599816082855255e-05,4.599816086283972e-05
4,21,4.321521242420177e-05,4.321521240426745e-05,0.7459971739903792,4.321521272711054e-05,4.321521255149062e-05,4.3215212276262905e-05,4.321521267168566e-05,4.321521250236288e-05,4.321521264302285e-05,4.321521175457641e-05,4.321521229152564e-05,4.3215212601281495e-05,4.3215212613188725e-05,4.3215212720068094e-05,0.028423906916342664,0.03402085830012321,4.321521251936823e-05,0.19086661739262112,4.321521291211788e-05,4.32152129212392e-05
4,22,4.065040695439016e-05,4.065040721334866e-05,0.9972947694992513,4.0650407240012185e-05,4.0650407249363774e-05,4.065040697331996e-05,4.065040718769902e-05,4.065040711020305e-05,4.065040748804164e-05,4.065040650410163e-05,4.065040707512934e-05,4.065040724802261e-05,4.0650407340164724e-05,4.065040741735508e-05,4.065040723418204e-05,4.0650407522630576e-05,4.0650407311463365e-05,4.06504074120913e-05,0.0019735231707850368,4.065040748189341e-05
4,23,4.672897233805829e-05,4.672897267459817e-05,0.7666296706640231,4.6728973018109604e-05,4.672897296330645e-05,4.672897257857897e-05,4.672897283418651e-05,4.6728972809548733e-05,4.672897296185997e-05,4.672897196265792e-05,4.672897274526092e-05,4.6728972939081755e-05,4.67289727169402e-05,4.6728972878967366e-05,4.672897281866872e-05,0.23252920782610628,4.6728972826925655e-05,4.672897299599573e-05,4.672897294241409e-05,4.672897286544756e-05
4,24,4.180602065829323e-05,4.180602079993956e-05,0.00806394306720009,4.180602095980185e-05,4.180602093961406e-05,4.180602073319425e-05,4.180602076976293e-05,4.1806020839645574e-05,0.0981664251040123,4.180602006692467e-05,4.180602068780994e-05,4.1806020818325036e-05,4.18060208662925e-05,4.1806020943527836e-05,4.180602094653079e-05,0.8866055887661621,4.180602067690275e-05,0.006495146729898687,4.180602102124131e-05,4.180602099868961e-05
4,25,4.277160033569521e-05,4.277160042932436e-05,0.9617645837105152,4.277160065218334e-05,4.277160050781462e-05,4.277160024792692e-05,4.277160037923633e-05,4.277160034789934e-05,4.277160054696435e-05,4.277159965786716e-05,4.2771600243332334e-05,4.277160035300135e-05,4.277160034073193e-05,4.2771600550691277e-05,4.277160054654882e-05,4.2771600585290926e-05,4.277160019369472e-05,0.037465527482672636,4.277160058821971e-05,4.277160030613154e-05
4,26,0.002272083783806087,4.166666744277386e-05,0.3022782820092589,4.1666667644702995e-05,4.1666667461737055e-05,4.1666667462424914e-05,4.166666745891596e-05,4.1666667516194856e-05,4.1666667751248885e-05,4.166666666671088e-05,4.166666728081833e-05,4.166666745777534e-05,4.166666747512895e-05,4.1666667685415654e-05,4.166666763547588e-05,0.41005020151220906,4.166666736796475e-05,0.28473276601499103,4.1666667699140224e-05,4.166666772858998e-05
4,27,4.3177893386008445e-05,4.317789359357309e-05,0.06782595753965785,4.31778939001422e-05,4.317789381079475e-05,4.317789354978597e-05,4.317789365053098e-05,4.3177893599026436e-05,4.3177894024507606e-05,4.3177892918870716e-05,4.317789357930264e-05,4.3177893819397155e-05,4.317789354270263e-05,4.317789387178747e-05,4.317789389906614e-05,0.24466314009919848,4.317789361364405e-05,0.5799060514010732,4.317789393769522e-05,0.10691400466137362
4,28,3.943217734691568e-05,3.943217733613032e-05,0.1953275619952126,3.943217760959409e-05,3.943217739186643e-05,3.9432177171401435e-05,3.9432177417552835e-05,3.943217729698668e-05,0.2606689911589562,3.943217665618925e-05,3.9432177165147324e-05,3.9432177418887597e-05,3.94321774199042e-05,3.9432177594179113e-05,3.943217758098871e-05,0.17743293217291548,3.943217737714946e-05,0.36593959983512875,3.9432177560886246e-05,3.943217744331075e-05
4,29,4.882812559357649e-05,4.882812564673348e-05,0.7459138114825833,0.10996463614673901,4.882812607961557e-05,4.8828125665345616e-05,4.882812591427937e-05,4.8828125755187616e-05,4.882812610105537e-05,4.882812500003969e-05,4.882812559470834e-05,4.8828125966377155e-05,4.882812578147452e-05,4.8828126028617413e-05,4.882812606422787e-05,4.882812610078371e-05,4.882812586174291e-05,0.14329147423170807,4.882812595342583e-05,4.8828125862334336e-05
4,30,3.9154268623612176e-05,3.915426848948424e-05,0.19531122123019007,3.915426870436797e-05,3.915426850243753e-05,3.9154268391221606e-05,3.915426855766938e-05,3.915426839952941e-05,3.9154268637882025e-05,3.915426781523062e-05,3.9154268322444163e-05,3.9154268574396465e-05,3.915426842606054e-05,3.915426866266929e-05,0.7501838949879552,3.915426869169268e-05,3.9154268531764904e-05,3.915426877212862e-05,3.915426860686229e-05,0.053839261217145475
4,31,4.132231472805155e-05,4.132231481023685e-05,0.1539329190601048,0.43056465343914657,4.132231494871189e-05,4.132231482654268e-05,4.1322314941040974e-05,4.1322314832944554e-05,4.132231510048584e-05,4.1322314049627444e-05,4.132231482743406e-05,4.13223148743247e-05,4.1322314805527595e-05,0.03393923021700691,0.05904842191912376,0.12684372383557466,4.13223149281146e-05,0.14137760360119317,0.05375625783519941,4.1322314977649176e-05
4,32,5.8616647786722825e-05,5.861664803424674e-05,0.16120618003052817,5.8616648464780234e-05,5.861664829303816e-05,5.8616647834745995e-05,5.861664813900288e-05,5.861664814957384e-05,0.08282722989188347,5.861664712784283e-05,5.861664794012303e-05,5.861664836568679e-05,5.86166484538518e-05,5.8616648475754685e-05,5.8616648444753346e-05,0.41653605156022533,5.861664823347169e-05,0.3384926721468249,5.8616648500645615e-05,5.861664829387833e-05
4,33,8.445946110713088e-05,8.445946062040902e-05,8.445946085513258e-05,8.44594607154182e-05,8.445946052466536e-05,8.445946020560108e-05,8.44594606571041e-05,8.445946029938095e-05,8.445946079106133e-05,8.44594594594838e-05,8.445946018088649e-05,8.44594605801907e-05,8.445946064484819e-05,8.445946089021343e-05,8.445946283967221e-05,8.445946099588671e-05,8.445946064471658e-05,8.445946083472502e-05,8.445946093535656e-05,0.9983952702462181
4,34,5.7142857618134017e-05,5.714285818023917e-05,5.714285833619898e-05,5.7142858061972166e-05,5.7142858153948085e-05,5.7142857567260066e-05,5.7142858132638004e-05,5.7142858028838385e-05,5.714285840697186e-05,5.7142857142888726e-05,5.7142857952854136e-05,5.714285798585538e-05,5.7142858076201364e-05,0.9989142856962341,5.714285818935096e-05,5.7142858486830116e-05,5.7142858162068306e-05,5.714285821949235e-05,5.7142858624832085e-05,5.7142858439296335e-05
4,35,4.006410341795024e-05,4.0064103211691805e-05,4.006410333065636e-05,4.0064103256944846e-05,4.006410317660934e-05,4.006410287870096e-05,4.006410325051283e-05,4.0064103348390414e-05,0.04752098242664135,4.00641025641307e-05,4.006410309945733e-05,4.006410336643184e-05,4.006410313601399e-05,4.0064103567972254e-05,4.006410331013047e-05,0.6431894636296498,4.0064103103999515e-05,4.006410334126705e-05,0.3086084641889832,4.006410336477742e-05
4,36,7.97448177270365e-05,7.974481781278585e-05,7.974481821475661e-05,7.97448178843316e-05,7.97448178937615e-05,7.974481723531738e-05,7.974481797154815e-05,7.974481781378779e-05,0.6816085071984669,7.974481658697255e-05,7.974481789063464e-05,7.974481820577748e-05,7.974481803481823e-05,7.974481859085111e-05,7.974481803256697e-05,7.974481838030509e-05,7.974481784251652e-05,7.974481820357372e-05,0.26720620859324673,0.04982962230396503
4,37,4.916420908157068e-05,4.916420959761064e-05,0.5451774347406184,4.916420950496171e-05,4.916420946317525e-05,4.916420934396834e-05,4.916420938408326e-05,4.916420948471297e-05,0.32137216741717395,4.916420845629531e-05,4.916420955529195e-05,0.03044935462346485,4.91642090995668e-05,4.916420956446794e-05,4.916420940049083e-05,4.9164209694105124e-05,4.916420913965619e-05,4.9164209504531344e-05,0.10221441586892502,4.916420954316881e-05
4,38,4.566210100496812e-05,4.5662101191535895e-05,0.9684860223753271,4.566210155480663e-05,4.566210132350684e-05,4.5662101057003265e-05,4.566210136991426e-05,4.566210122270465e-05,4.566210151225237e-05,4.566210045665718e-05,4.5662101202399214e-05,4.566210125090547e-05,4.566210116315301e-05,0.03069205980125384,4.5662101607955235e-05,4.566210153182451e-05,4.5662101495633225e-05,4.566210161484617e-05,4.566210136027941e-05,4.566210149857327e-05
5,1,8.090615092791642e-05,8.090615066241035e-05,0.87692865278388,8.090615069968266e-05,0.08807396676090948,8.090615030433135e-05,0.0336219758971826,8.090615163627389e-05,8.09061502763194e-05,8.090614886738179e-05,8.090615045046978e-05,8.090615017649652e-05,8.090615054758793e-05,8.09061502178386e-05,8.09061506097142e-05,8.090615084988948e-05,8.090615002483351e-05,8.090615078456595e-05,8.090615085860152e-05,8.090615013394403e-05
5,2,8.333333425018169e-05,8.333333451353594e-05,8.333333517293907e-05,8.333333477650198e-05,0.9984166666405301,8.333333474083093e-05,8.333333478891023e-05,8.333333465430607e-05,8.333333482639748e-05,8.333333333336536e-05,8.333333450291018e-05,8.333333477845704e-05,8.33333346892008e-05,8.333333511892231e-05,8.333333501291908e-05,8.333333509779859e-05,8.333333465059202e-05,8.333333492049929e-05,8.333333479542848e-05,8.33333348463294e-05
5,3,7.34214397757495e-05,7.342144042512518e-05,0.5048547334789253,7.3421440461966e-05,7.342144111366589e-05,7.34214399652689e-05,7.342144029178934e-05,0.0373301964545894,7.342144068931856e-05,7.342143906028077e-05,7.342144081917714e-05,7.34214402821914e-05,7.34214403778158e-05,7.342144060266447e-05,7.342144035218243e-05,0.4565669055800891,7.34214403700647e-05,7.34214405436639e-05,7.342144088223491e-05,7.34214403831309e-05
5,4,6.105006248124622e-05,6.105006200920111e-05,0.9988400488198192,6.10500623416629e-05,6.105006236838588e-05,6.105006191507069e-05,6.10500619962283e-05,6.105006206198026e-05,6.105006215592439e-05,6.105006105011462e-05,6.105006182179594e-05,6.105006188185433e-05,6.105006229548887e-05,6.10500622189819e-05,6.10500624826199e-05,6.105006257093001e-05,6.105006210702301e-05,6.105006236072298e-05,6.105006220292736e-05,6.10500618586579e-05
5,5,5.336179363838983e-05,5.336179399014022e-05,0.6262245761585682,5.336179401809624e-05,0.0479551565967113,5.336179402481397e-05,5.336179393194468e-05,5.3361793788393834e-05,5.336179415038768e-05,5.336179295629191e-05,5.336179375703878e-05,5.336179390764484e-05,5.336179382254754e-05,0.1462831011119596,5.336179406478546e-05,0.17868337743059368,5.3361794022592535e-05,5.336179423326054e-05,5.336179404163698e-05,5.3361793819324496e-05
5,6,4.821600864595041e-05,4.8216008643416305e-05,0.03629364503956778,4.8216008771443973e-05,4.8216008713895417e-05,4.8216008518698314e-05,4.821600876844057e-05,4.8216008544616336e-05,4.8216008795004615e-05,4.821600771460806e-05,4.821600818785171e-05,4.8216008637526655e-05,4.821600843338616e-05,4.82160088030883e-05,0.12424330208435733,4.821600876808682e-05,4.8216009036562006e-05,0.8386433807293939,4.821600889331402e-05,4.8216008805212195e-05
5,7,6.775067854482484e-05,6.775067864995643e-05,6.775067889847717e-05,6.775067881932067e-05,6.775067880908921e-05,6.775067848196752e-05,6.7750678839201e-05,6.77506785407777e-05,6.775067898798829e-05,6.775067750682375e-05,6.775067847040824e-05,6.775067862874534e-05,6.775067876312922e-05,6.775067894904474e-05,6.775067882807227e-05,6.775067917486901e-05,6.775067857417974e-05,0.9987127371045542,6.775067922836867e-05,6.775067875056428e-05
5,8,5.9382424791011436e-05,5.938242419734209e-05,5.938242413948184e-05,0.9818744975913893,5.938242407032911e-05,5.9382423463562455e-05,5.9382423999418374e-05,5.938242365272331e-05,5.9382424073808054e-05,5.9382422802885735e-05,5.9382423452122625e-05,5.938242380300619e-05,5.93824236696112e-05,5.93824241575718e-05,5.938242416310397e-05,5.938242415640622e-05,5.938242402282575e-05,0.01705661877827374,5.938242395754354e-05,5.938242376410223e-05
5,9,0.08393988653675961,5.875440770620544e-05,5.875440792798994e-05,5.875440780869114e-05,5.8754407671800804e-05,5.875440737060109e-05,5.875440796687661e-05,5.8754407531183164e-05,5.8754407922120324e-05,5.87544065805361e-05,5.875440741266093e-05,5.875440788225722e-05,5.875440767861399e-05,5.8754407916664226e-05,5.8754407963129106e-05,5.875440807543274e-05,5.875440802958325e-05,0.9150025341239063,5.875440788871031e-05,5.875440800091815e-05
5,10,4.480286879998863e-05,4.480286823748475e-05,0.9137641208043867,4.4802868464585825e-05,4.4802868462855127e-05,4.480286798317876e-05,4.4802868170996406e-05,4.4802868218557536e-05,4.480286839843146e-05,4.480286738355613e-05,4.480286795014799e-05,4.480286826960604e-05,4.480286914817287e-05,4.480286840738587e-05,0.031009257787635996,4.480286845429542e-05,4.4802868502218665e-05,0.03907721527778606,0.01543256023709674,4.480286824300518e-05
5,11,6.426735381604347e-05,6.426735323022003e-05,0.3714342308744376,6.42673537890225e-05,6.426735355111071e-05,6.426735296541178e-05,6.426735337388775e-05,6.42673531600337e-05,6.426735338911792e-05,6.426735218514635e-05,6.426735299600469e-05,6.426735321446244e-05,6.426735332803487e-05,6.426735358131612e-05,6.426735375561334e-05,0.573725216437487,0.02167053552853855,0.03214173950651946,6.426735339106581e-05,6.426735329099765e-05
5,12,6.510416858937414e-05,6.510416747647342e-05,6.510416805436379e-05,6.510416808787167e-05,0.9987630208100421,6.510416739605587e-05,6.510416797885917e-05,6.510416762611421e-05,6.510416806312931e-05,6.51041666666942e-05,6.510416737962258e-05,6.510416774951154e-05,6.510416765810003e-05,6.510416792454308e-05,6.510416807798476e-05,6.510416809404902e-05,6.510416797661964e-05,6.510416960085256e-05,6.510416787011945e-05,6.510416768768724e-05
5,13,0.16667771698156578,7.552870252271176e-05,7.55287027171616e-05,7.552870265927404e-05,0.04835093828207634,7.55287020762195e-05,7.55287026571958e-05,7.552870258366232e-05,7.552870255489001e-05,7.552870090641612e-05,7.552870181809149e-05,7.552870245642799e-05,7.552870209467531e-05,7.552870264819025e-05,0.1614051239489486,0.3883050318195569,7.552870261013766e-05,0.23412825843260496,7.552870252315689e-05,7.552870241910746e-05
5,14,5.675369012623963e-05,5.675368997772657e-05,0.4012068582379372,5.675369029571815e-05,5.67536900584548e-05,5.6753690245281684e-05,5.675369005151118e-05,5.675368981534069e-05,5.675369032840285e-05,5.675368898983996e-05,5.675368975414142e-05,5.675369045611109e-05,5.675368981102339e-05,5.675369020709036e-05,5.6753690289528144e-05,0.35561198701457547,5.6753690115661676e-05,0.24221634201674627,5.675369028906067e-05,5.675368992967828e-05
5,15,0.1727110525126148,6.016847291372463e-05,6.016847310925857e-05,6.016847309373117e-05,6.0168473206812755e-05,6.0168472390003515e-05,6.016847288051752e-05,6.016847265519176e-05,6.0168472821835155e-05,6.016847172087731e-05,6.0168472627814405e-05,6.0168472619152165e-05,6.016847269617518e-05,6.016847307337484e-05,0.09754640693466335,0.49255843906479324,6.016847323261795e-05,0.2362214059233459,6.0168472929427286e-05,6.0168472612014225e-05
5,16,7.824726211700929e-05,7.824726250826485e-05,7.824726332418827e-05,0.31518041383320994,7.824726305680537e-05,7.824726248935233e-05,7.824726276778072e-05,7.824726239252413e-05,7.824726304530162e-05,7.824726134592042e-05,7.824726247247358e-05,7.824726289016818e-05,7.824726275104667e-05,7.824726315629997e-05,0.05545143277019494,0.05926803930842258,0.16990489406499215,0.3990215110827448,7.82472628796234e-05,7.82472632388713e-05
5,17,7.173601238630077e-05,7.17360123866494e-05,7.173601300528533e-05,7.173601299923617e-05,7.173601287160393e-05,7.173601223847594e-05,7.1736012961328e-05,7.173601258236987e-05,7.173601296244015e-05,7.173601147781607e-05,7.173601249284028e-05,7.17360129826939e-05,7.173601252459683e-05,7.173601290690671e-05,7.173601292328373e-05,0.8146227854269714,0.011251101365153147,7.173601308536496e-05,0.17290660099188704,7.17360132011817e-05
5,18,0.0001677852419320204,0.00016778523891665994,0.23711131043440728,0.00016778523885876078,0.0001677852389042301,0.0001677852377377129,0.00016778523772424447,0.00016778523733318912,0.5947152042359019,0.00016778523489945592,0.00016778523712934933,0.00016778523817786035,0.0001677852377852537,0.00016778523835667372,0.0001677852385219867,0.11148475172939426,0.00016778523968436835,0.05400416978854501,0.00016778523804023387,0.00016778523774964885
5,19,6.443299044275164e-05,6.443299065401998e-05,6.443299109913825e-05,6.443299082026028e-05,6.443299098668225e-05,6.443299066110656e-05,6.443299095301461e-05,6.443299084643135e-05,0.0013631254879183383,6.443298969076216e-05,6.443299053945628e-05,6.443299131350383e-05,6.44329905850821e-05,6.443299087912263e-05,6.443299095966423e-05,0.9766541773058912,6.443299136327257e-05,6.443299097146793e-05,0.02088733636236466,6.443299106014391e-05
5,20,0.00014836795396578635,0.00014836795429136614,0.00014836795547653326,0.00014836795488131407,0.0001483679570118801,0.00014836795402676628,0.17101591596332516,0.00014836795752286682,0.1281966618804911,0.00014836795252235436,0.0001483679541231981,0.00014836795558168306,0.00014836795485287786,0.5542414439243117,0.00014836795592491602,0.00014836795626955944,0.060137808956076434,0.00014836795533765908,0.0841826499486474,0.0001483679553593038
5,21,4.26985487020095e-05,4.26985487794623e-05,4.269854911204501e-05,0.005995473835888623,4.269854906434684e-05,4.269854867447828e-05,4.2698548933924165e-05,4.2698548903274684e-05,4.269854907937903e-05,4.269854824937351e-05,4.269854869644135e-05,4.269854891327379e-05,4.269854881797581e-05,4.269854899500146e-05,4.269854914361195e-05,4.2698549052445846e-05,0.9932359522840652,4.269854904278992e-05,4.269854898922693e-05,4.269854889718441e-05
5,22,6.925207885037986e-05,6.92520787047041e-05,0.9048708001024423,6.925207918432437e-05,6.925207902772347e-05,6.925207876664595e-05,6.925207880015915e-05,6.925207883576893e-05,6.925207921861022e-05,6.925207756238073e-05,6.925207834769043e-05,6.925207898848915e-05,6.92520786043644e-05,6.925207879719032e-05,6.925207902666484e-05,6.925207911052088e-05,0.05415468513493113,0.03979722942350338,6.925207877127204e-05,6.925207852642554e-05
6,1,6.765899930728308e-05,6.7659000016373e-05,0.24893024430004468,6.765899999454067e-05,0.04112572961673369,6.765899993768084e-05,6.765899991228765e-05,0.027549823467395717,6.765900040619981e-05,6.765899864687217e-05,6.765900011901088e-05,6.765899998642335e-05,0.006943902780531587,6.765900005603558e-05,6.765900000482748e-05,6.76590003270435e-05,6.765899980373285e-05,0.6744354148364137,6.765900044848645e-05,6.765899991404772e-05
6,2,8.849557640392605e-05,8.849557682481297e-05,0.550105375217607,8.849557713681054e-05,0.1632570838450594,8.849557677642524e-05,8.84955770277347e-05,0.1553397049098832,8.849557716917691e-05,8.849557522131662e-05,8.849557675532847e-05,8.849557698975849e-05,0.06825529654463681,8.849557719594155e-05,8.849557705093979e-05,0.06171510583006179,8.849557663143262e-05,8.849557735430851e-05,8.849557733050157e-05,8.849557688320158e-05
6,3,7.76397524698805e-05,7.763975327948438e-05,7.763975351560566e-05,7.763975311335024e-05,0.1688373003654216,7.76397525870226e-05,7.763975282215804e-05,7.763975362509574e-05,7.763975340264136e-05,7.763975155286215e-05,7.763975298817387e-05,7.763975301188163e-05,0.03147784142558978,7.763975312742692e-05,7.763975303201239e-05,7.763975343352827e-05,7.763975268319991e-05,0.7983649824082718,7.76397531909117e-05,7.763975288150092e-05
6,4,7.861635297012155e-05,7.861635380084262e-05,7.861635414882254e-05,0.9985062892814046,7.861635421182713e-05,7.861635334057079e-05,7.861635362997168e-05,7.86163538940992e-05,7.86163539470057e-05,7.861635220130281e-05,7.861635327641014e-05,7.861635358690167e-05,7.861635348435403e-05,7.861635355326247e-05,7.86163537662955e-05,7.861635387567354e-05,7.861635325616647e-05,7.861635383560985e-05,7.861635409231403e-05,7.861635372392985e-05
6,5,4.1118421786097146e-05,4.111842208281943e-05,0.9370855870340961,4.1118421994582705e-05,4.111842176575093e-05,4.1118421586682646e-05,4.111842176400831e-05,4.111842165897641e-05,4.11184219703634e-05,4.111842105266673e-05,4.111842164580585e-05,4.111842186728793e-05,4.1118421763721246e-05,4.111842192548651e-05,4.111842199718574e-05,4.1118421911240125e-05,4.1118421564397236e-05,4.111842194535441e-05,0.062174281373932654,4.1118421688913594e-05
6,6,4.743833096771679e-05,4.7438331084531856e-05,0.9990986717105247,4.743833109543655e-05,4.743833128040172e-05,4.743833108148965e-05,4.743833106941445e-05,4.7438331175301974e-05,4.7438331208004e-05,4.7438330170812845e-05,4.743833076633482e-05,4.743833095611958e-05,4.743833100492422e-05,4.743833118183766e-05,4.7438331199321795e-05,4.7438331275656174e-05,4.7438330888547026e-05,4.743833115237659e-05,4.743833110980826e-05,4.7438330807406935e-05
6,7,6.877579241961341e-05,6.877579205693715e-05,0.18162819257659063,6.877579231423072e-05,6.87757922717654e-05,6.877579173912574e-05,6.877579215838516e-05,6.877579224861631e-05,6.877579216543377e-05,6.877579092165252e-05,6.877579179647128e-05,6.877579209759795e-05,6.877579239075784e-05,0.7854640957816772,6.877579251150273e-05,6.877579249501874e-05,6.87757918601988e-05,0.03173852317591118,6.877579230893163e-05,6.877579206455777e-05
6,8,0.00010204081787936705,0.00010204081839403339,0.28762271659882727,0.00010204081881254303,0.00010204081809910408,0.00010204081789642033,0.00010204081845940795,0.00010204081862116591,0.00010204081836614371,0.00010204081632662688,0.0001020408176818975,0.00010204081808607548,0.0001020408180315566,0.00010204081868675425,0.00010204081904291554,0.00010204081867501006,0.00010204081784217665,0.7105405486726094,0.00010204081921017525,0.00010204081845194003
6,9,0.03505961734054369,6.377551185576713e-05,0.01987814671388433,6.377551157160094e-05,6.377551176912856e-05,6.377551128069956e-05,6.377551139277087e-05,6.37755112456216e-05,6.377551155514618e-05,6.37755102041326e-05,6.377551103802053e-05,6.377551143685437e-05,6.377551148030896e-05,6.377551169875629e-05,0.5013366438683948,0.44270518389460417,6.377551126564734e-05,6.377551180020571e-05,6.377551175699471e-05,6.377551122133202e-05
6,10,7.18390826222726e-05,7.183908165762652e-05,7.183908193776952e-05,7.183908179947263e-05,7.183908164882293e-05,7.18390811906482e-05,7.183908165484889e-05,7.183908153177299e-05,7.183908178426822e-05,7.183908045980408e-05,7.183908141861534e-05,7.183908150795028e-05,7.183908155005294e-05,7.18390820402399e-05,0.9986350574480051,7.183908206233409e-05,7.183908145293825e-05,7.183908207200215e-05,7.183908199582544e-05,7.183908160790605e-05
6,11,0.9390355462589792,9.615384776074157e-05,0.05923368447656598,9.615384827575117e-05,9.615384836444056e-05,9.615384784613385e-05,9.61538481864193e-05,9.61538478726863e-05,9.615384828072103e-05,9.615384615386942e-05,9.615384742522408e-05,9.615384784434085e-05,9.615384879167034e-05,9.615384815401501e-05,9.615384831879395e-05,9.615384849476105e-05,9.61538481030673e-05,9.615384843168896e-05,9.615384823241757e-05,9.615384791798989e-05
6,12,6.038647481615765e-05,6.038647446761921e-05,0.41772468102532984,6.038647474415074e-05,6.038647468980201e-05,6.0386474367614235e-05,6.038647451203511e-05,6.038647450895239e-05,6.038647461110931e-05,6.038647342999449e-05,6.038647424154622e-05,6.038647460170734e-05,6.0386474362623794e-05,0.5681358324822068,0.0131129164256504,6.038647492219045e-05,6.03864746739567e-05,6.0386474989107854e-05,6.03864745235e-05,6.038647435099563e-05
6,13,0.14273084937969555,0.00010615711470660727,0.00010615711504387665,0.00010615711497371236,0.00010615711470483936,0.00010615711390241008,0.00010615711480596796,0.00010615711440609622,0.00010615711466313902,0.00010615711252662373,0.00010615711433430126,0.00010615711441565031,0.00010615711449247097,0.0001061571146207162,0.2258558622692578,0.6296086174047882,0.00010615711449591468,0.00010615711498546446,0.00010615711449864916,0.00010615711468181136
6,14,9.157509300574733e-05,9.157509329467092e-05,0.7188851864665178,0.0029262790828266686,9.1575093228941e-05,9.157509268613525e-05,9.157509308959912e-05,9.157509305351202e-05,9.157509328917646e-05,9.157509157516363e-05,9.157509256198136e-05,9.157509289982178e-05,9.157509316451266e-05,9.157509350815234e-05,0.27663175786762845,9.157509373449104e-05,9.157509338280903e-05,9.157509385497199e-05,9.157509359774006e-05,9.15750930994932e-05
6,15,6.0827251204003764e-05,6.082725160305561e-05,6.0827251905960276e-05,6.08272517736336e-05,6.0827251592180465e-05,6.082725149879486e-05,6.08272518561262e-05,6.082725163300953e-05,6.082725184276725e-05,6.0827250608304805e-05,6.082725132962504e-05,6.0827252090805674e-05,6.0827251503027374e-05,6.082725172067513e-05,0.998844282217701,6.082725190805574e-05,6.082725199301152e-05,6.08272518437154e-05,6.0827252249990134e-05,6.0827252142233754e-05
6,16,5.060728810893285e-05,5.060728835164921e-05,5.060728870134468e-05,5.060728850934275e-05,5.0607288432560515e-05,5.0607288137056714e-05,5.060728832669978e-05,5.060728808985518e-05,5.0607288676319873e-05,5.060728744943037e-05,5.0607288118632934e-05,5.0607288353731665e-05,5.0607288336555477e-05,5.0607288600755136e-05,0.6872989754325647,0.31179009337712277,5.06072885710528e-05,5.0607288682217107e-05,5.060728850478747e-05,5.0607288361676326e-05
6,17,6.369426911947981e-05,6.369426868746318e-05,0.4201791395829267,6.36942690114638e-05,6.369426895885256e-05,6.3694268765506e-05,6.369426871170748e-05,6.369426848134961e-05,6.369427040915362e-05,6.369426751597768e-05,6.369426832926589e-05,6.369426904338553e-05,6.369426849637028e-05,6.369426911498238e-05,0.24960984532029273,0.2002470056814695,6.369426843759666e-05,6.36942689724226e-05,0.12894490111433662,6.369426891959635e-05
